peer,cid,filesAsStr
12D3KooWBA3FLioUQPqtj3RT4fxbquGNyb2hfQwXq8UTt5xmxuCi,QmNb2LcaN8hzSNp4g7z8FtLsqvNyo3XDiR1gnDna1TWMqe,".git,README.md,main.py,"
12D3KooWGc7qCqwQvx9r96hwtmVhJSiXKK1qMFunXP3KiccJv64w,QmUVTKsrYJpaxUT7dr9FpKq6AoKHhEM7eG1ZHGL56haKLG,"text/plain,"
12D3KooWQvVfZMKUaMeDBS7QPHL2APY4ANDPUzyaCSesos4tgGxv,QmUNLLsPACCz1vLxQVkXqqLX5R1X345qqfHbsf67hvA3Nn,
12D3KooWBFjLgj4rdUUfLdmXwrtVgrq5FiyjkxoJYQNVT5N679C5,,
12D3KooWT1jCHWHYxtgsKvNqK6a3n2u5U9pfqjfWtjhdVLQfFwF6,QmUNLLsPACCz1vLxQVkXqqLX5R1X345qqfHbsf67hvA3Nn,
12D3KooWEUDUbyTsp3pi1aSmyvTmhxHkxbZbY7NQQ4aYfvF4JFpC,,
12D3KooWLVFqkLQGa4rRFmqrVtTnm4CkKrySm8V1cCebxnDmx53N,,
12D3KooWPhUx45ZQcC65iaYNp9HoXoQojmokzGkHmbfZY4287Zvo,QmUNLLsPACCz1vLxQVkXqqLX5R1X345qqfHbsf67hvA3Nn,
12D3KooWH8eQudhLFdAwNv8y7pPv3ZXFLK9T1idSeW1utyimzMYx,QmUNLLsPACCz1vLxQVkXqqLX5R1X345qqfHbsf67hvA3Nn,
12D3KooWMPAAKf7m9DWXCSepBS9gY6oTmeHw18PKDJMYuresYNhf,,
12D3KooWMFDEUaDKsCNYzrTAVbsfEsLJ1MWYjK3H5fND7rDNhsby,QmUNLLsPACCz1vLxQVkXqqLX5R1X345qqfHbsf67hvA3Nn,
12D3KooWK2q1YYRBchmyAyyfLhKjvXMvYByt2zn6pbM3yA8Z2DJZ,QmUNLLsPACCz1vLxQVkXqqLX5R1X345qqfHbsf67hvA3Nn,
12D3KooWFWZ7sZfgJH5FVNsN16p9JtN5MGJim5SejL6XweAM9Gv9,,
QmY7JB6MQXhxHvq7dBDh4HpbH29v4yE9JRadAVpndvzySN,,
12D3KooWLsSWaRsoCejZ6RMsGqdftpKbohczNqs3jvNfPgRwrMp2,QmUNLLsPACCz1vLxQVkXqqLX5R1X345qqfHbsf67hvA3Nn,
12D3KooWJ59N9z5CyLTtcUTnuTKnRTEVxiztijiEAYbP16aZjQ3D,QmUNLLsPACCz1vLxQVkXqqLX5R1X345qqfHbsf67hvA3Nn,
12D3KooWF86UcwUVYqkseRwsUNSW1wqcU78MH77zKreoLTUtEYNQ,QmUNLLsPACCz1vLxQVkXqqLX5R1X345qqfHbsf67hvA3Nn,
12D3KooWN3m3uHKF8oMU5cd8GbQUvpFpy2Y9GdNqt1Zx7nLQHSq3,QmUNLLsPACCz1vLxQVkXqqLX5R1X345qqfHbsf67hvA3Nn,
12D3KooWGc7qCqwQvx9r96hwtmVhJSiXKK1qMFunXP3KiccJv64w,QmUVTKsrYJpaxUT7dr9FpKq6AoKHhEM7eG1ZHGL56haKLG,"text/plain,"
QmUv39iYtrkLrMnnTN1ksiQhEqzLbSNmx1ThzvK4wC9FKe,,
12D3KooWQmE6JhLyHsbKu1R7cro92Dh13aUNGGnqF4xmVR8MAnhk,QmUNLLsPACCz1vLxQVkXqqLX5R1X345qqfHbsf67hvA3Nn,
12D3KooWMYJFeVGma4PrgwD9QmJUQ2vENDegyWgN4na6dVwawuKS,QmUNLLsPACCz1vLxQVkXqqLX5R1X345qqfHbsf67hvA3Nn,
12D3KooWN46VzFTJkAoUhh1f9zH4JnVXe1WvsHaNgdGT18xAZ8zf,QmUNLLsPACCz1vLxQVkXqqLX5R1X345qqfHbsf67hvA3Nn,
12D3KooWFwhrYMzgfSUGUmpApAwrkM34sRiG2YDeAfzHGECYNXRW,QmUNLLsPACCz1vLxQVkXqqLX5R1X345qqfHbsf67hvA3Nn,
QmTUg5e2Be5RBKiAVtcC5FiTUnk1c8yG8zrmNpYLzFqpWM,QmUNLLsPACCz1vLxQVkXqqLX5R1X345qqfHbsf67hvA3Nn,
12D3KooWKzSjJ1ZgDWhj4nA227SJNW18D54WGJrLLgwWvvpEWbyh,QmUNLLsPACCz1vLxQVkXqqLX5R1X345qqfHbsf67hvA3Nn,
12D3KooWRQzVBfuMrADGni2LAxU1sDUwf1CPL9sR42BvyC1K2z7G,QmUNLLsPACCz1vLxQVkXqqLX5R1X345qqfHbsf67hvA3Nn,
12D3KooWDZb8RgL25BYLMh24WG4Eb23QgLqCeRmtggPYp9UEpPA1,QmUNLLsPACCz1vLxQVkXqqLX5R1X345qqfHbsf67hvA3Nn,
12D3KooWRf4fBDGkZFXxx4t8LCZc5nUkRSDVXrHhrDWEVmJugGhn,QmUNLLsPACCz1vLxQVkXqqLX5R1X345qqfHbsf67hvA3Nn,
12D3KooWM6eFyCvzCgfJek9yG1mGa4SpEikedgPyStPt8z3iHT7T,QmUNLLsPACCz1vLxQVkXqqLX5R1X345qqfHbsf67hvA3Nn,
12D3KooWCAjiCx6yuRQWNV6Xb43x2Nhywoa3ZagpmV5TeM3ZVP6F,QmUNLLsPACCz1vLxQVkXqqLX5R1X345qqfHbsf67hvA3Nn,
12D3KooWSRGAS4aE7k4D1zofNDe2jrD77i3WbkwFCRZjLTPG26Jx,QmUNLLsPACCz1vLxQVkXqqLX5R1X345qqfHbsf67hvA3Nn,
12D3KooWRsMrkATbEG5VSbM8RzMwLkR2cexEuamskbVtt9kUC7e6,QmUNLLsPACCz1vLxQVkXqqLX5R1X345qqfHbsf67hvA3Nn,
12D3KooWBQE1adeUYBstteikKqvMA8ASiQPYdGNyKCw5yQvjUuCb,QmUNLLsPACCz1vLxQVkXqqLX5R1X345qqfHbsf67hvA3Nn,
12D3KooWHWm6SrBc1gwNav4HhoqZtXguPQg9jqXwvZG5woArSejJ,QmUNLLsPACCz1vLxQVkXqqLX5R1X345qqfHbsf67hvA3Nn,
12D3KooWLM9aEJzKur9DhL8vXfMMFXSfhiCMpmyLgEx9KF2hX95J,QmUNLLsPACCz1vLxQVkXqqLX5R1X345qqfHbsf67hvA3Nn,
12D3KooWBbkCD5MpJhMc1mfPAVGEyVkQnyxPKGS7AHwDqQM2JUsk,QmU14JgCGns98PQoZ3oENV559jGnsG3kXtCjEKoqTbM7j9,",,,,,,,,,,,,,,,,,,,,,,,,,,,"
12D3KooWKwy4wFLBrM32C4Mh6wKeXLfex7ivQEbhw348pVVGYMTU,QmUNLLsPACCz1vLxQVkXqqLX5R1X345qqfHbsf67hvA3Nn,
12D3KooWNpB47uHnXGtWbVQbhRGXvx58cTVs4UtQhHTHgyYy1ukT,QmUNLLsPACCz1vLxQVkXqqLX5R1X345qqfHbsf67hvA3Nn,
12D3KooWCQhdeicH8LyA1LZiopHsDpqq465fmVBHKi5yzESjPjg9,QmUNLLsPACCz1vLxQVkXqqLX5R1X345qqfHbsf67hvA3Nn,
12D3KooWM1gMGkG3zjhoBqXE7nQYKTUFM38C4UxpoASf2oreFxi2,QmUNLLsPACCz1vLxQVkXqqLX5R1X345qqfHbsf67hvA3Nn,
12D3KooWFz7ZhVEMVJ7teV88GsK3BaxZFJKNknofCqCB67A7dYuJ,QmUNLLsPACCz1vLxQVkXqqLX5R1X345qqfHbsf67hvA3Nn,
12D3KooWPka17kfbNZLqX6wscQ82oW6qhG8H4eHbEJAHtBgwLAmb,QmUNLLsPACCz1vLxQVkXqqLX5R1X345qqfHbsf67hvA3Nn,
QmSsstjvc3mCZUBjkYakCk3GLin6s3faUn8ygRF8uNMRiL,,
12D3KooWEZdDrjJZdhXRxSCtoY2z41f7e3zS5sLw3AtLcpDbe9Ma,,
12D3KooWRbCBmtA5jxKDD3PPGqaLQ6SpzeKEyVsevbJ89R7YgGjD,QmUNLLsPACCz1vLxQVkXqqLX5R1X345qqfHbsf67hvA3Nn,
12D3KooWCTatZmpWy1A6nX1DaSi1LmqRzGrKbwRtPL8UWUJuUaWU,QmUNLLsPACCz1vLxQVkXqqLX5R1X345qqfHbsf67hvA3Nn,
12D3KooWQtLjX54FWKaxyHA9RAwuXxW8CEuUvyMvr3pjx7TAxxBJ,QmUNLLsPACCz1vLxQVkXqqLX5R1X345qqfHbsf67hvA3Nn,
12D3KooWCbHPvtt5uNnEHzjAqEsVbvERL51KfbohnfeUyZKRKXMb,QmUNLLsPACCz1vLxQVkXqqLX5R1X345qqfHbsf67hvA3Nn,
12D3KooWFSzaoZ815o8sxTh2hz2nGjQnGnSjTxZcjfYBh7WrsDQ4,QmUNLLsPACCz1vLxQVkXqqLX5R1X345qqfHbsf67hvA3Nn,
12D3KooWCMMw5BKA5XHDJiuFitwparaYbMkidmxTCsJa8vXjt3yW,QmUNLLsPACCz1vLxQVkXqqLX5R1X345qqfHbsf67hvA3Nn,
12D3KooWE8L7kAi4wTVcnSVgmHRxykpYX24Ck9toAifA9Dn2Q4Rw,QmUNLLsPACCz1vLxQVkXqqLX5R1X345qqfHbsf67hvA3Nn,
12D3KooWELz8r3QDqLoKwxDTcgZEpeZFeS63UQeKWinYu6YSs4wN,,
12D3KooWNn7eEegeuvugdSMFzg9E4sWRvfpwenA2S668uP7aUK1D,QmUNLLsPACCz1vLxQVkXqqLX5R1X345qqfHbsf67hvA3Nn,
12D3KooWFZAKDTGC3LjEcpwErsJhZfB9KxA1DhWXZ76WP9yhf9si,QmUNLLsPACCz1vLxQVkXqqLX5R1X345qqfHbsf67hvA3Nn,
12D3KooWKJqovk6BNDawYZhfYrQR9h19FqNfvEo7bErZARKkmTer,QmUNLLsPACCz1vLxQVkXqqLX5R1X345qqfHbsf67hvA3Nn,
12D3KooWRQ5uaLjWKgqiDgeu3P62jqVMaNiEcqa6u9h8igPw2kyG,QmUNLLsPACCz1vLxQVkXqqLX5R1X345qqfHbsf67hvA3Nn,
12D3KooWLM1MNsvBZvSaVkNPpss7AYpfGmfZ1BQ8auNZTqWHNTKC,QmUNLLsPACCz1vLxQVkXqqLX5R1X345qqfHbsf67hvA3Nn,
12D3KooWCeC892F1LPiqhdj6b18VrwJXkPKRRim8QTyLRoMWC8e6,QmUNLLsPACCz1vLxQVkXqqLX5R1X345qqfHbsf67hvA3Nn,
12D3KooWE5B8MDKrGFQMoE5hg98kmD3UwxghT7NCiMGEyzqEbG4t,QmUNLLsPACCz1vLxQVkXqqLX5R1X345qqfHbsf67hvA3Nn,
12D3KooWPMK23qKF8tAR5hj3afu8wC78JXCPTz5nm4ftJUR1YZdu,QmUNLLsPACCz1vLxQVkXqqLX5R1X345qqfHbsf67hvA3Nn,
12D3KooWNg8tUCt8SHL3PX99e44z7xsfwEeF3yN39RQFoxaf2B1Z,QmUNLLsPACCz1vLxQVkXqqLX5R1X345qqfHbsf67hvA3Nn,
QmXeyXL9hyR3doG9ytdqgZ16Zp1sjaRvQWCFKB9Z34Y2gV,,
12D3KooWJfTJCk3sDsExVU1x5a1KciMUFx3YLJ61qurLEqrUMZyt,QmUNLLsPACCz1vLxQVkXqqLX5R1X345qqfHbsf67hvA3Nn,
12D3KooWDxjg4fzxh5k8KKH6Ftymbz9BmfnbFzs4fg8NdHd3qkYA,QmUNLLsPACCz1vLxQVkXqqLX5R1X345qqfHbsf67hvA3Nn,
QmZyL8fTwTWgJq6tuyN7fHRFXgBrSnPpQ2NUdZtDHCiDDi,,
12D3KooWCDLpcXoae9kagh7chkgUmmQee87qSt1wDVfe6Nn6K3uJ,QmUNLLsPACCz1vLxQVkXqqLX5R1X345qqfHbsf67hvA3Nn,
12D3KooWCnV6WhDQVw6cgtiU35teonpAWc7kM2W6v6E4h7df9d95,QmUNLLsPACCz1vLxQVkXqqLX5R1X345qqfHbsf67hvA3Nn,
12D3KooWPHNUgDdoJpQv7UQox8VmU7r7hge8wNyT68kPnWYBL1B1,QmUNLLsPACCz1vLxQVkXqqLX5R1X345qqfHbsf67hvA3Nn,
12D3KooWRJT3fKd7UqYo54CYFSE1sryVfe1d3j1X1uXN7Xk24UBD,QmUNLLsPACCz1vLxQVkXqqLX5R1X345qqfHbsf67hvA3Nn,
12D3KooWMQp8RBToCMYxSTbTAmQhj6wXSFywNvDfwWUcUfdmEhfs,QmUNLLsPACCz1vLxQVkXqqLX5R1X345qqfHbsf67hvA3Nn,
12D3KooWLWtAX9u9Xv6HACTYj31csec5f5WZ6bTyo8bPTy8a7hUa,QmUNLLsPACCz1vLxQVkXqqLX5R1X345qqfHbsf67hvA3Nn,
12D3KooWA7tx6Km9NTmzMgo7qgiV5fcwMPqy4Tw7avnxZVgc52un,QmUNLLsPACCz1vLxQVkXqqLX5R1X345qqfHbsf67hvA3Nn,
12D3KooWNcfjsN3aNULegpJKeyunpy84g2j4dKiGtMzZuYqa9w16,QmUNLLsPACCz1vLxQVkXqqLX5R1X345qqfHbsf67hvA3Nn,
12D3KooWRARS1XmexUkdKU8tpdtDx6uvoabRUQQ613bWRpAZ2LNE,QmUNLLsPACCz1vLxQVkXqqLX5R1X345qqfHbsf67hvA3Nn,
12D3KooWJWDPVVurrbj8MxcomJgKZN8xZB77zJUF1mkffQBP3n4e,QmUNLLsPACCz1vLxQVkXqqLX5R1X345qqfHbsf67hvA3Nn,
12D3KooWRVhCw6hpJvusgj2EXt7VLhArhstsdyrLH9QJotdVMY8i,QmUNLLsPACCz1vLxQVkXqqLX5R1X345qqfHbsf67hvA3Nn,
12D3KooWEGNfx3PuMfodLhRmwMLhS7UUoNgEzxBWkqiokaR1RWFE,QmUNLLsPACCz1vLxQVkXqqLX5R1X345qqfHbsf67hvA3Nn,
12D3KooWD2rbcRBiuFexz3ANb7MSB4NCKe5rW4wTzqQVrKmdk948,QmUNLLsPACCz1vLxQVkXqqLX5R1X345qqfHbsf67hvA3Nn,
12D3KooWNf1MaxfbNhrqyiMVHybU6yDes9z8cHv2XFQK9aMwbkCc,QmUNLLsPACCz1vLxQVkXqqLX5R1X345qqfHbsf67hvA3Nn,
12D3KooWMejcesCGX5fZPtjTubCx5TN5DgmFVptKHQ3zwq1Vfmje,QmUNLLsPACCz1vLxQVkXqqLX5R1X345qqfHbsf67hvA3Nn,
12D3KooWSUBWCQFH4nWXSDcReHQyfw4pZPcd4peerm9ov5EgAU2k,QmUNLLsPACCz1vLxQVkXqqLX5R1X345qqfHbsf67hvA3Nn,
12D3KooWJdcDtVRfCJQiJ17za7CZKQxs8VuTgpHddAV5cU921Fik,QmUNLLsPACCz1vLxQVkXqqLX5R1X345qqfHbsf67hvA3Nn,
12D3KooWB6Kt6tZ4uJGjD4hou7dVQawXgyKHrCTz74ZFEnwDd5Zi,Qmf4LMVhe94H3vBWnxBzDyaHoSUYnaRqXN5z18fUrwFQqJ,"DnD,Docs,Movies,Muzik,my_video,saved_pictures,"
12D3KooWSCUjULxwVx4o1vT92EREf1JHW3quuJK3xiv3HtDFZzaT,QmUNLLsPACCz1vLxQVkXqqLX5R1X345qqfHbsf67hvA3Nn,
12D3KooWFUGC9pWhS3oQ3YqLus9e8Ys8YjqBKrR7biSNuossi6x9,QmUNLLsPACCz1vLxQVkXqqLX5R1X345qqfHbsf67hvA3Nn,
QmWsAFSDajELyneR7LkMsgfaRk2ib1y3SEU7nQuXSNPsQV,QmUNLLsPACCz1vLxQVkXqqLX5R1X345qqfHbsf67hvA3Nn,
12D3KooWMKnH8At4mY2RYu51RHGT7bVq5mA2gkXJb5yQRP2j1GNf,QmUNLLsPACCz1vLxQVkXqqLX5R1X345qqfHbsf67hvA3Nn,
12D3KooWKP4UmiXT2LbwZKKUzjLBbJckp1Nskaa8hKzUxFQd7REN,QmUNLLsPACCz1vLxQVkXqqLX5R1X345qqfHbsf67hvA3Nn,
12D3KooWMXKtvVetid8sBR3AMaRNa2c5dTYabPeYWCr1SPuHFTeF,QmUWAPdR2N7wzAhuMxpvhE69rge9ayKTnFB6WtFXiXoQMC,"icls,index.html,"
QmVC3hvqke2jXnsUCbef6NRpd3quiryBp1TKzPQXTyqWsA,,
12D3KooWAGt4J8887sZJWSYYCaKK7Jut4bixPMdLRpMrSqFrZxHD,QmUNLLsPACCz1vLxQVkXqqLX5R1X345qqfHbsf67hvA3Nn,
12D3KooWMWLrpFJRSBMS15w2oYfrzandCn6y7wxG7fUk6nfyFUP9,QmUNLLsPACCz1vLxQVkXqqLX5R1X345qqfHbsf67hvA3Nn,
12D3KooWCzZsccaS7aqtNH4nZwNFFeUHR3nMCfd9RaSqzt3URu7d,QmUNLLsPACCz1vLxQVkXqqLX5R1X345qqfHbsf67hvA3Nn,
12D3KooWBu8HivPwrtYDQ8s8YTqm8LFouXGWf5jg1aQoimfo1noo,QmWj827Jm1tvrz2gQmqtFjeALtvmZdfWHJfCwfYqX6QMvW,"text/plain,"
12D3KooWR1RaunY6uyyTPhmAggjQAqznFZBzw8ptYnCK3FBkp4rm,QmUNLLsPACCz1vLxQVkXqqLX5R1X345qqfHbsf67hvA3Nn,
12D3KooWJbrDhJw29n4uCzeUxtVxW2fiZSVTRmnEMLMF8jWwHPZZ,QmUNLLsPACCz1vLxQVkXqqLX5R1X345qqfHbsf67hvA3Nn,
12D3KooWHjqkF2e4DD9bTxdhbsjbYxfVBNCkwRs1iqeGG3HaKike,QmUNLLsPACCz1vLxQVkXqqLX5R1X345qqfHbsf67hvA3Nn,
12D3KooWFmCqxM5TpGLra7L4QgDDLKqohwfdtN94mpAwBUdPZkjw,QmUNLLsPACCz1vLxQVkXqqLX5R1X345qqfHbsf67hvA3Nn,
12D3KooWNbMsUu33Z3ojj3SuhofX9aZfqjHXNxdrZpkDAbCnMAAd,QmUNLLsPACCz1vLxQVkXqqLX5R1X345qqfHbsf67hvA3Nn,
12D3KooWHEWoLofqD2BJCebgvtZsFe2JNUX33DaekVf1NCBDdJom,QmUNLLsPACCz1vLxQVkXqqLX5R1X345qqfHbsf67hvA3Nn,
12D3KooWRdLahzqhgEXjG1iE62XBLh7S7XJZQWVtcbZ9gho99jsK,QmUNLLsPACCz1vLxQVkXqqLX5R1X345qqfHbsf67hvA3Nn,
12D3KooWKx1LUsotjDjQhqGATaxS2XfKndkhTWNZrBMKHg6kgQgw,QmUNLLsPACCz1vLxQVkXqqLX5R1X345qqfHbsf67hvA3Nn,
12D3KooWBme3ZX9fmnUZAFGZvj2HwMiTLHmLtAAhQcc6jFpmQjsx,QmUNLLsPACCz1vLxQVkXqqLX5R1X345qqfHbsf67hvA3Nn,
12D3KooWHaaC1uX4KX6FxN88npMqp8qRYrb8UQkNxXijyueptFds,QmUNLLsPACCz1vLxQVkXqqLX5R1X345qqfHbsf67hvA3Nn,
12D3KooWRsD43vCV321emKCaJ5KLT32M6aVZZoHPKjEVbLwybrk7,QmUNLLsPACCz1vLxQVkXqqLX5R1X345qqfHbsf67hvA3Nn,
12D3KooWECfZtqMVxddvLB7o1qm6Y147RxMMWQVo7uYRm33zSCzd,QmUNLLsPACCz1vLxQVkXqqLX5R1X345qqfHbsf67hvA3Nn,
12D3KooWADW5uHMmvJvKmfGz9c3trM46gAKtkceePyq9LC4rUv5t,,
12D3KooWSSc7Es8uWgSmvRSRzUExjqvmJC7GLMeonPYzDQXL41TU,QmUNLLsPACCz1vLxQVkXqqLX5R1X345qqfHbsf67hvA3Nn,
12D3KooWAdnZxuzjrjNytMib49agw9ZJumGefS7MMwAJsRnp5EVv,QmUNLLsPACCz1vLxQVkXqqLX5R1X345qqfHbsf67hvA3Nn,
12D3KooWJvCU6U2k2Zqrc9kUVN2iqKoMzERbBZSukhRomEqtoT5s,QmUNLLsPACCz1vLxQVkXqqLX5R1X345qqfHbsf67hvA3Nn,
12D3KooWCbCd49s7uy3hqn1X3V9i9gMfEzzPfdoEac86Y365VTWf,QmUNLLsPACCz1vLxQVkXqqLX5R1X345qqfHbsf67hvA3Nn,
12D3KooWBWFG1uQmv8aB8RYKh9LDz2SDdaQZUxZWe4ZXsPQDjMJK,QmUNLLsPACCz1vLxQVkXqqLX5R1X345qqfHbsf67hvA3Nn,
12D3KooWEwAWPkjBCrV5fnVV6qNZ2Pn5HR3NaBhHXmPekoVFjuEA,QmUNLLsPACCz1vLxQVkXqqLX5R1X345qqfHbsf67hvA3Nn,
QmY1hpFQsyksHn4mKw9sSLNq6oQtZj6JUUAss9pKSRP8Ch,,
12D3KooWQ2tPSHrvLqWK4QqZ3m4NWCopza3gbcoCuGXdGjQvCJB6,QmUNLLsPACCz1vLxQVkXqqLX5R1X345qqfHbsf67hvA3Nn,
12D3KooWHsshUtLVTUccPiFdmupxm3fhTgMnnZM76KPfhS6qPuk2,QmUNLLsPACCz1vLxQVkXqqLX5R1X345qqfHbsf67hvA3Nn,
12D3KooWQnZ3Gt3vk8rozmWULCghsHNaNTRiUPeYMEPdimphWkx7,,
12D3KooWKx1LUsotjDjQhqGATaxS2XfKndkhTWNZrBMKHg6kgQgw,QmUNLLsPACCz1vLxQVkXqqLX5R1X345qqfHbsf67hvA3Nn,
12D3KooWBme3ZX9fmnUZAFGZvj2HwMiTLHmLtAAhQcc6jFpmQjsx,QmUNLLsPACCz1vLxQVkXqqLX5R1X345qqfHbsf67hvA3Nn,
12D3KooWFzj77Z8tZYaF6d9i1e6Nf1e69Y81HV4qFdBdKWwv8Bam,QmUNLLsPACCz1vLxQVkXqqLX5R1X345qqfHbsf67hvA3Nn,
12D3KooWHzriZ5d4yFsxEzhgr8N9bL9p7UkRAyV1nMdCGZjfwjiw,QmUNLLsPACCz1vLxQVkXqqLX5R1X345qqfHbsf67hvA3Nn,
12D3KooWEUDUbyTsp3pi1aSmyvTmhxHkxbZbY7NQQ4aYfvF4JFpC,,
12D3KooWAmEkgeX4X6NBgXRoRZmpkj1cVppcd4gu8hByoLXXPn2T,QmUNLLsPACCz1vLxQVkXqqLX5R1X345qqfHbsf67hvA3Nn,
12D3KooWLjwN3R65gQN7Lm2Sc6TcCTST5vrca4peHrKwAfwC4mdg,QmUNLLsPACCz1vLxQVkXqqLX5R1X345qqfHbsf67hvA3Nn,
12D3KooWH8eQudhLFdAwNv8y7pPv3ZXFLK9T1idSeW1utyimzMYx,QmUNLLsPACCz1vLxQVkXqqLX5R1X345qqfHbsf67hvA3Nn,
12D3KooWFExp2DmZcS2y5qDXftimt9hZmoCAmBhjMp1PDbxry51F,QmUNLLsPACCz1vLxQVkXqqLX5R1X345qqfHbsf67hvA3Nn,
12D3KooWMPAAKf7m9DWXCSepBS9gY6oTmeHw18PKDJMYuresYNhf,,
12D3KooWSLMqeNi5wxHh41paK4x1SbGrUz9MEgA9UaERDBX7ypHX,QmUNLLsPACCz1vLxQVkXqqLX5R1X345qqfHbsf67hvA3Nn,
12D3KooWMFDEUaDKsCNYzrTAVbsfEsLJ1MWYjK3H5fND7rDNhsby,QmUNLLsPACCz1vLxQVkXqqLX5R1X345qqfHbsf67hvA3Nn,
12D3KooWK2q1YYRBchmyAyyfLhKjvXMvYByt2zn6pbM3yA8Z2DJZ,QmUNLLsPACCz1vLxQVkXqqLX5R1X345qqfHbsf67hvA3Nn,
12D3KooWD2L9q8GFEEJqrD5uAhd8c1ZhXbHLxafSpmAkvSgPs5RY,QmUNLLsPACCz1vLxQVkXqqLX5R1X345qqfHbsf67hvA3Nn,
12D3KooWE6R3MMhU9CcgW8UuvFkLzQLVpZ1J8YooJB3itQaazTkf,QmUNLLsPACCz1vLxQVkXqqLX5R1X345qqfHbsf67hvA3Nn,
12D3KooWGtJkkDgNDNe3QeogLGEems2drS8BWXSHVGT1Nwa7GmcL,QmUNLLsPACCz1vLxQVkXqqLX5R1X345qqfHbsf67hvA3Nn,
12D3KooWCPjVv1qZEy8twPUK9fzEvNSF3JxY7zwAFGzybsm2J2cP,QmUNLLsPACCz1vLxQVkXqqLX5R1X345qqfHbsf67hvA3Nn,
12D3KooWFWZ7sZfgJH5FVNsN16p9JtN5MGJim5SejL6XweAM9Gv9,,
12D3KooWCkLbm3Z4TUJGXZLqKiH3kRBJLpm7mdyYwZrrVDcQXBfH,,
QmY7JB6MQXhxHvq7dBDh4HpbH29v4yE9JRadAVpndvzySN,,
12D3KooWCMMw5BKA5XHDJiuFitwparaYbMkidmxTCsJa8vXjt3yW,QmUNLLsPACCz1vLxQVkXqqLX5R1X345qqfHbsf67hvA3Nn,
12D3KooWE8L7kAi4wTVcnSVgmHRxykpYX24Ck9toAifA9Dn2Q4Rw,QmUNLLsPACCz1vLxQVkXqqLX5R1X345qqfHbsf67hvA3Nn,
12D3KooWGGyvEomXVi5YHqXdfGHx1GKHjVrUo313pWCs5uSfkoHK,QmUNLLsPACCz1vLxQVkXqqLX5R1X345qqfHbsf67hvA3Nn,
12D3KooWLsSWaRsoCejZ6RMsGqdftpKbohczNqs3jvNfPgRwrMp2,QmUNLLsPACCz1vLxQVkXqqLX5R1X345qqfHbsf67hvA3Nn,
12D3KooWJ59N9z5CyLTtcUTnuTKnRTEVxiztijiEAYbP16aZjQ3D,QmUNLLsPACCz1vLxQVkXqqLX5R1X345qqfHbsf67hvA3Nn,
12D3KooWKd92H37a8gCDZPDAAGTYvEGAq7CNk1TcaCkcZedkTwFG,QmUNLLsPACCz1vLxQVkXqqLX5R1X345qqfHbsf67hvA3Nn,
