peer,cid,filesAsStr12D3KooWHsshUtLVTUccPiFdmupxm3fhTgMnnZM76KPfhS6qPuk2,QmUNLLsPACCz1vLxQVkXqqLX5R1X345qqfHbsf67hvA3Nn,
12D3KooWPp1x9rPxpURNaTNNze5g8nwtQBDRxVhKLebCAB8661oo,QmUNLLsPACCz1vLxQVkXqqLX5R1X345qqfHbsf67hvA3Nn,
12D3KooWBTGdvU7Ez9hh42Ta1zjR7cK9KXB1ba9dUXWEqLZjjB1Q,QmUNLLsPACCz1vLxQVkXqqLX5R1X345qqfHbsf67hvA3Nn,
12D3KooWBejpzwwM7mLLiqr5yn1xPKVQNgTKGwZiUCDyLWgKhcRp,QmUNLLsPACCz1vLxQVkXqqLX5R1X345qqfHbsf67hvA3Nn,
12D3KooWL56t2x25773n7BDqEPaUuQ8ZbUa2wMVSx9JLQdFn9Y2Y,QmUNLLsPACCz1vLxQVkXqqLX5R1X345qqfHbsf67hvA3Nn,
12D3KooWDTXS9fyqb4z7ChxkpXEShj2JFUosYGyKSjLMU5TKtmBD,QmUNLLsPACCz1vLxQVkXqqLX5R1X345qqfHbsf67hvA3Nn,
12D3KooWFd2UPeKe6L7dzbyjjGuiKHD7WGye7tPduLSkLY3JSgVm,QmUNLLsPACCz1vLxQVkXqqLX5R1X345qqfHbsf67hvA3Nn,
12D3KooWM852N7a1oxUGBzMeMLsC7Zc3m2MxuDMwCYc6P3KJfHTu,QmUNLLsPACCz1vLxQVkXqqLX5R1X345qqfHbsf67hvA3Nn,
QmRZMaxtyk2NfvTG8gR2K2RbZBVM3aduah3W3ha9g19rv2,QmUNLLsPACCz1vLxQVkXqqLX5R1X345qqfHbsf67hvA3Nn,
12D3KooWRi7rFDooyANicb7YBb22webt8pi4L92SGU4MgNR5sZrk,QmUNLLsPACCz1vLxQVkXqqLX5R1X345qqfHbsf67hvA3Nn,
12D3KooWCrSWmi37xmnZBtUMskBAXPiH5iXYgBtEvMtJ2cqzHXVj,QmUNLLsPACCz1vLxQVkXqqLX5R1X345qqfHbsf67hvA3Nn,
12D3KooWDJ35eVmW4RX2E22RXHFg4Q8nBRU56acZjagS71eon3sj,QmUNLLsPACCz1vLxQVkXqqLX5R1X345qqfHbsf67hvA3Nn,
12D3KooWCuPWCH4oK6ZYoYsB3QhERSuU67CTDcwf8ZiM7n7DRG74,QmUNLLsPACCz1vLxQVkXqqLX5R1X345qqfHbsf67hvA3Nn,
12D3KooWB8393gbMxzEcjwi4S6ugSiZC4urUX9fZ9GgFBWrJV6rj,QmUNLLsPACCz1vLxQVkXqqLX5R1X345qqfHbsf67hvA3Nn,
12D3KooW9rQ1CaCV13W6M3jCf8hmeudSNHcWEqr2nFfVnEH4Cj34,QmUNLLsPACCz1vLxQVkXqqLX5R1X345qqfHbsf67hvA3Nn,
12D3KooWJFaS1UNNR5gqjkgt56nB2KG4wiNEfYZ53rtEkPJjuAjP,QmUNLLsPACCz1vLxQVkXqqLX5R1X345qqfHbsf67hvA3Nn,
12D3KooWJcKNtjb9UpF7jsKWxy46ULQjYnNUu6H9izWJiYUA4Njo,QmUNLLsPACCz1vLxQVkXqqLX5R1X345qqfHbsf67hvA3Nn,
12D3KooWDGuFsmumyd9qyNXy47U6FgDzFEikA6DCJZgMNXY7BqmD,QmUNLLsPACCz1vLxQVkXqqLX5R1X345qqfHbsf67hvA3Nn,
12D3KooWRVCDVDB43NahQ66cKNY2MVyHUyn5KoaJbBZrbRcmP3qd,QmUNLLsPACCz1vLxQVkXqqLX5R1X345qqfHbsf67hvA3Nn,
12D3KooWGQFYJfsToujbGHwpBEzJrFtuJ4NHucxZyXiGF8AssJop,QmUNLLsPACCz1vLxQVkXqqLX5R1X345qqfHbsf67hvA3Nn,
12D3KooWNmEkMkL7iHgnGDgwGMMUcWxj4LD2GqwCri3JM3fyCQjj,QmUNLLsPACCz1vLxQVkXqqLX5R1X345qqfHbsf67hvA3Nn,
12D3KooWFeCm8T7TQZcFvZpSRuWfbAmXq4TAiUebnZoDzvDT2ZWN,QmUNLLsPACCz1vLxQVkXqqLX5R1X345qqfHbsf67hvA3Nn,
12D3KooWDRvBp48nX8GmdqxqcidnKhZjtQJ5GCdhx9NurhboxByN,QmUNLLsPACCz1vLxQVkXqqLX5R1X345qqfHbsf67hvA3Nn,
12D3KooWJtgkysTP89BiuioQCJ6gTztKjWUJHThKt4bfZmhHuSSa,QmUNLLsPACCz1vLxQVkXqqLX5R1X345qqfHbsf67hvA3Nn,
12D3KooWJYMrs8KKXBQUjsAsUDtqGzfCGzp4es12cY3B1Jca3QYn,,
12D3KooWCo8eeZF3QdJ3VHa4M5zPtkKt4j1Qms6JQstcvDm14qfN,,
12D3KooWPw3mN7N1rbjDFqwhSmbNwALXNWq5mvN4U56pv1th4UDN,QmUNLLsPACCz1vLxQVkXqqLX5R1X345qqfHbsf67hvA3Nn,
12D3KooWKdT9U6n94uPryW25ovbeYxAc7rGvPVMU88CJw6Cygnku,QmUNLLsPACCz1vLxQVkXqqLX5R1X345qqfHbsf67hvA3Nn,
12D3KooWRNijznEQoXrxBeNLb2TqbSFm8gG8jKtfEsbC1C9nPqce,QmUNLLsPACCz1vLxQVkXqqLX5R1X345qqfHbsf67hvA3Nn,
12D3KooWB6TXxZTHtsV927SskwpmTMzBZGcBjXhNy4SzHGPKJEeE,QmUNLLsPACCz1vLxQVkXqqLX5R1X345qqfHbsf67hvA3Nn,
12D3KooWMRBzkYpz9f9NkjAbgR9S6BtwNkjGzmSCy6ccHogPtn5B,QmUNLLsPACCz1vLxQVkXqqLX5R1X345qqfHbsf67hvA3Nn,
12D3KooWSTWi5DRq7s2jusQ4Kk51NstvzneMrXZEPxVQSR23qTsV,QmUNLLsPACCz1vLxQVkXqqLX5R1X345qqfHbsf67hvA3Nn,
12D3KooWKsz5sQpzMWrveurcLMQbpXyAbHczYXeSN2NCpymDQxvW,QmUNLLsPACCz1vLxQVkXqqLX5R1X345qqfHbsf67hvA3Nn,
12D3KooWB5q3LVmbQ2NY1UZ8PX6QQx3zYcaqrTYRcsCU6ZEEDLi4,QmUNLLsPACCz1vLxQVkXqqLX5R1X345qqfHbsf67hvA3Nn,
12D3KooWRQzVBfuMrADGni2LAxU1sDUwf1CPL9sR42BvyC1K2z7G,QmUNLLsPACCz1vLxQVkXqqLX5R1X345qqfHbsf67hvA3Nn,
12D3KooWQ4N8fdqpPevLYMbGhWojWzu2T2dQW3mQtqFCHkvmJHjy,QmUNLLsPACCz1vLxQVkXqqLX5R1X345qqfHbsf67hvA3Nn,
12D3KooWMXw93tnempRzTQs3YZZzkwyJu6GQirBeGZ4FS66iXhUa,QmUNLLsPACCz1vLxQVkXqqLX5R1X345qqfHbsf67hvA3Nn,
12D3KooWHAvQaZQmfNUfCZTWLnWkS3uGeFfF9kXzjXBNP2znm4gm,QmUNLLsPACCz1vLxQVkXqqLX5R1X345qqfHbsf67hvA3Nn,
12D3KooWJVRwNdR2zwmt8FESBe4jxnBuqFzYqTUihRSGeaUR8DgL,QmUNLLsPACCz1vLxQVkXqqLX5R1X345qqfHbsf67hvA3Nn,
12D3KooWRVacRoV9tpSpUZoci2muPENXTDnNw5KwtKpn2MStdmGZ,QmUNLLsPACCz1vLxQVkXqqLX5R1X345qqfHbsf67hvA3Nn,
12D3KooWQmBCWffqQWAp45gnSS5HfSvaHGoiwQP34AWHvQZ7qc6G,QmUNLLsPACCz1vLxQVkXqqLX5R1X345qqfHbsf67hvA3Nn,
12D3KooWP2zTYrKQGidQnqdnbs5F87h3V8Tdnj7r857zZYTvbsN4,QmUNLLsPACCz1vLxQVkXqqLX5R1X345qqfHbsf67hvA3Nn,
12D3KooWFLuDb6gHPsVV9FFXbf9f3ng2ExbPHRkVYCnnsSu7vLxH,QmUNLLsPACCz1vLxQVkXqqLX5R1X345qqfHbsf67hvA3Nn,
12D3KooWEHWGZG76MskdTfMeJ2TRGanirxmp7ieVLFbCBZCpXfEA,QmUNLLsPACCz1vLxQVkXqqLX5R1X345qqfHbsf67hvA3Nn,
12D3KooWSS98rTvtRiyHjkxcn7FoJHVs51bpRfhyunf4VfZQXFv4,QmUNLLsPACCz1vLxQVkXqqLX5R1X345qqfHbsf67hvA3Nn,
12D3KooWANne6MjZMyWmoQ6GdxwMJY2XCnvyzsuz87SXHrYZSb5Q,QmUNLLsPACCz1vLxQVkXqqLX5R1X345qqfHbsf67hvA3Nn,
12D3KooWQqeXeS7xgG7XqdTe9S9p79u84DCCZAHHNdN6CSTE7nfu,QmUNLLsPACCz1vLxQVkXqqLX5R1X345qqfHbsf67hvA3Nn,
12D3KooWDqDhKgfPHo3Ch2dvUmXXfzySyFYEaw9sshJBZYoF47GH,QmUNLLsPACCz1vLxQVkXqqLX5R1X345qqfHbsf67hvA3Nn,
12D3KooWG2z8FuwaE2pqJoChJD5pZD8h3DgJkDN3jDWyfVM5cUVH,QmUNLLsPACCz1vLxQVkXqqLX5R1X345qqfHbsf67hvA3Nn,
12D3KooWFTessxtToq1rv4wg7tHY5Y6uabBgWpWMfNXdX5QAKRZY,QmUNLLsPACCz1vLxQVkXqqLX5R1X345qqfHbsf67hvA3Nn,
12D3KooWP9wvCxyioBmz4zM27gM4jzaoXnH6MGyTHCidjMoJH8MS,QmUNLLsPACCz1vLxQVkXqqLX5R1X345qqfHbsf67hvA3Nn,
12D3KooWD1mBehm5AocZo4t7apqFhMCFcNsapfRr7Pbuziqfi4Bg,QmUNLLsPACCz1vLxQVkXqqLX5R1X345qqfHbsf67hvA3Nn,
12D3KooWMF1beeGia46GnpAQdvKyQY2dnNA6aC7buU2WR7QKXBWS,QmUNLLsPACCz1vLxQVkXqqLX5R1X345qqfHbsf67hvA3Nn,
12D3KooWAjb8J6b1WLaYURtcvzueWTJp6qybkEJHxe8rArbmBg8m,QmUNLLsPACCz1vLxQVkXqqLX5R1X345qqfHbsf67hvA3Nn,
12D3KooWFdgWfKN1xccWYMSs8hPwkKaTPxoGSbtFSPBoXAKzKab2,QmUNLLsPACCz1vLxQVkXqqLX5R1X345qqfHbsf67hvA3Nn,
12D3KooWF7rN4D1xFUWfPktEREAUwxTD1jtn5b698sRM2BABa61g,QmUNLLsPACCz1vLxQVkXqqLX5R1X345qqfHbsf67hvA3Nn,
12D3KooWCCSQ4f5M5oVs8MQnp9nzpF6Uee5wn1M14on6vxct3mza,QmUNLLsPACCz1vLxQVkXqqLX5R1X345qqfHbsf67hvA3Nn,
12D3KooWNswpKJWMYZuqVtaRzh6U2EM2mM5CoQcnMj7VrnF56Fsq,QmUNLLsPACCz1vLxQVkXqqLX5R1X345qqfHbsf67hvA3Nn,
12D3KooWS51gprYAAtqPErMbXhr5t8dLseMUQ5Au32ykhB2pQXMi,QmUNLLsPACCz1vLxQVkXqqLX5R1X345qqfHbsf67hvA3Nn,
12D3KooWBtSjq1xSyxeZ3bE2aRyshsN8wS3bQeC8DpopkxkHv1yh,QmUNLLsPACCz1vLxQVkXqqLX5R1X345qqfHbsf67hvA3Nn,
12D3KooWN3m3uHKF8oMU5cd8GbQUvpFpy2Y9GdNqt1Zx7nLQHSq3,QmUNLLsPACCz1vLxQVkXqqLX5R1X345qqfHbsf67hvA3Nn,
12D3KooWMyWYQJ8rkoEfdeuGJ2R7qDcjgYvPTpcCtAp2LiDUDdVQ,QmUNLLsPACCz1vLxQVkXqqLX5R1X345qqfHbsf67hvA3Nn,
12D3KooWD6EtLMrXuD3tPXD7oMyyaLHKuZ7a393RoDVfiPiBzFAT,QmUNLLsPACCz1vLxQVkXqqLX5R1X345qqfHbsf67hvA3Nn,
12D3KooWBypnmhdgqvhzn9vPdpY2qhG1Yy6ZtvtaKBAdAojSjigF,QmUNLLsPACCz1vLxQVkXqqLX5R1X345qqfHbsf67hvA3Nn,
12D3KooWNWGhqejBpMSC3CTkHE45TNGSKzPZGGMqyCPpugpSQAf6,QmUNLLsPACCz1vLxQVkXqqLX5R1X345qqfHbsf67hvA3Nn,
12D3KooWHVHW3AFv6qXxecJTFjEDcWZ2Bnf6e3ptZKu4QYKijqhF,QmUNLLsPACCz1vLxQVkXqqLX5R1X345qqfHbsf67hvA3Nn,
12D3KooWLSTw5KeLQEjzzPW37qBnUdcrPf3i5quqvujSVNiSpDDN,QmUNLLsPACCz1vLxQVkXqqLX5R1X345qqfHbsf67hvA3Nn,
12D3KooWScTRycePYQdcLgKe1PZAUb9tT4JEYnDgHkRf1NqWGLjz,QmUNLLsPACCz1vLxQVkXqqLX5R1X345qqfHbsf67hvA3Nn,
12D3KooWGDJ92EDtwfwFrLT4ob1T7Qrph74BFPKyeVQN3LuvMcWo,QmUNLLsPACCz1vLxQVkXqqLX5R1X345qqfHbsf67hvA3Nn,
12D3KooWNy1weUaZ2gXp4nc7nySR5zpT1jnNJbytJJf9U21AhN5S,QmUNLLsPACCz1vLxQVkXqqLX5R1X345qqfHbsf67hvA3Nn,
12D3KooWFoZBAkzbTvv7tirVgM1E3MPuQnC15uqgyWm41KxdGrKd,QmUNLLsPACCz1vLxQVkXqqLX5R1X345qqfHbsf67hvA3Nn,
QmYGVgGGfD5N4Xcc78CcMJ99dKcH6K6myhd4Uenv5yJwiJ,QmauhUbPerCeRjJAbPCoDAdASuzWJ9sMrx5k7FUPeSQDyU,"CODE_OF_CONDUCT.md,LICENSE,config.js,style.css,debug.html,ARCHITECTURE.md,DEPLOYMENT.md,OVERVIEW.md,PHILOSOPHY.md,favicon.ico,Audio-by-Saepul-Nahwan-ID-CCBY-The-Noun-Project-1825201.svg,Ball-by-Ricki-Tri-Putra-ID-CCBY-The-Noun-Project-2717454.svg,Cannon-by-Vectors-Market-CCBY-The-Noun-Project-2054657.svg,Content-by-Graphic-Tigers-CCBY-The-Noun-Project-1000735.svg,Earth-by-Wawan-Hermawan-ID-CCBY-The-Noun-Project-1012670.svg,Image-by-thiyagu-IN-CCBY-The-Noun-Project-99740.svg,Video-by-William-CCBY-The-Noun-Project-1980706.svg,favicon.ico,index.html,gun.js,ipfs.js,sea.js,webrtc.js,package.json,alt-fetch.js,any-of.js,cache.js,fetch.js,gun-ipfs.js,ipns-ipfs.js,samizdat.js,docker-compose.yml,package.json,samizdat.js,service-worker.js,"
12D3KooWPFjzieJC7XfHdCfMY7hDvGaF9smBDmaaVEpifWB7DgXn,QmUNLLsPACCz1vLxQVkXqqLX5R1X345qqfHbsf67hvA3Nn,
12D3KooWAFMWASWrrDvVu9jyEWmAoch3Z1d5Q5r3V33FreraHB8Q,QmUNLLsPACCz1vLxQVkXqqLX5R1X345qqfHbsf67hvA3Nn,
12D3KooWMkmfXu7qDNV1cQCKUU8tQnkXFZuvtyDfpaQ8GQiJTXqe,QmUNLLsPACCz1vLxQVkXqqLX5R1X345qqfHbsf67hvA3Nn,
12D3KooWAwXhQoGkJiDfMZscxF1MAtqxd6E9rQARpZ5aGXhdKHsx,QmUNLLsPACCz1vLxQVkXqqLX5R1X345qqfHbsf67hvA3Nn,
QmXUSf3hoei3jJv74dhBi2nxb4vLKGhi5urDEdYMNzPWbe,QmUNLLsPACCz1vLxQVkXqqLX5R1X345qqfHbsf67hvA3Nn,
12D3KooWSSkk4M1CDcifBQj5hWwDrgc5HWZqEZEwmR9NnVxBhPdG,QmUNLLsPACCz1vLxQVkXqqLX5R1X345qqfHbsf67hvA3Nn,
12D3KooWCZkH6XvM8nthZvLCFUaqHokC8BYGBRcKsATiP4AJTbXi,QmUNLLsPACCz1vLxQVkXqqLX5R1X345qqfHbsf67hvA3Nn,
12D3KooWHog7qm6TLeFcx4i7UPDK5fxrGN9jNswLAdL7gbBw9NGR,QmUNLLsPACCz1vLxQVkXqqLX5R1X345qqfHbsf67hvA3Nn,
12D3KooWLZGt6ekXjv95X5fyRs1kxry5PuXytHvgs3Yck5Rbs6y6,QmUNLLsPACCz1vLxQVkXqqLX5R1X345qqfHbsf67hvA3Nn,
12D3KooWBczWRDmZ7NAeQSQshDf5wLkxr8S47aw4HoGcojf5M2Nq,QmUNLLsPACCz1vLxQVkXqqLX5R1X345qqfHbsf67hvA3Nn,
12D3KooWJjoZrkSq2N6RMLJFFu1EAuM3pm6jf8jqGkJiDrNVj1pV,,
12D3KooWMHWfHqsR65Mxcj7oaJ2fketXv8JHApWDP1ooh9pody2B,QmUNLLsPACCz1vLxQVkXqqLX5R1X345qqfHbsf67hvA3Nn,
12D3KooWMghoWLsJovt51dRBth4Jw8irejDGen4GhcaGBYfD6cXd,QmUNLLsPACCz1vLxQVkXqqLX5R1X345qqfHbsf67hvA3Nn,
12D3KooWGGxR33f2zvcyRirFMezaZK1nPFVKiyaH4HmevAG26vE7,QmUNLLsPACCz1vLxQVkXqqLX5R1X345qqfHbsf67hvA3Nn,
12D3KooWAfFeaNrgZfXFo1FpGVoHWE2mEQf2Uv6noLMRnXDR7ZKE,QmUNLLsPACCz1vLxQVkXqqLX5R1X345qqfHbsf67hvA3Nn,
12D3KooWKM1ZFVKbdpxSViEbWPa62SNUF8iiigFhkRDwMsHAcdWE,QmUNLLsPACCz1vLxQVkXqqLX5R1X345qqfHbsf67hvA3Nn,
12D3KooWMqSjsHDMQRnTxo6RAX9uywYZBHUxC5CaWFpdfDrcfvuL,QmUNLLsPACCz1vLxQVkXqqLX5R1X345qqfHbsf67hvA3Nn,
12D3KooWKuZ3nuSnjHpwKz777rvFVWsUqnnuSDjGsBco48dtwpZW,QmUNLLsPACCz1vLxQVkXqqLX5R1X345qqfHbsf67hvA3Nn,
QmfDQdBxcDrm5QyZWHeze25BrDepWMJd2RqAUd3bEHgEZJ,,
12D3KooWJ1uCZ3sjKAgvNYpWLakywz5Xr8dX23SZ2uZ9EXghRCeE,QmUNLLsPACCz1vLxQVkXqqLX5R1X345qqfHbsf67hvA3Nn,
12D3KooWN5dQgbL7CN2f1AfPA7TNpa8kyNqexNy8wtKSX1L6xahm,QmUNLLsPACCz1vLxQVkXqqLX5R1X345qqfHbsf67hvA3Nn,
12D3KooWLxsReHmC7NZTb1sGdiGxtg2hxoYc759FNNJiFoV8JdcN,QmUNLLsPACCz1vLxQVkXqqLX5R1X345qqfHbsf67hvA3Nn,
12D3KooWR5xhecL9z2MfJ5BvmW39o7UQJbjTY3p2r94N5dCcnxSs,QmUNLLsPACCz1vLxQVkXqqLX5R1X345qqfHbsf67hvA3Nn,
12D3KooWRBYbmZxB3juqyxDZYVmEWD6iuQbvKujQdHkjQtX4KyjH,QmUNLLsPACCz1vLxQVkXqqLX5R1X345qqfHbsf67hvA3Nn,
12D3KooWGJSvddk1xqVNCv4vJBMZ96gPRQmgkSvR8a3x5zad1DM7,QmUNLLsPACCz1vLxQVkXqqLX5R1X345qqfHbsf67hvA3Nn,
12D3KooWPdn7btKX4iAWsp3t54Tu3iQ9koumHLrY5tR3t9Jpmhq1,QmUNLLsPACCz1vLxQVkXqqLX5R1X345qqfHbsf67hvA3Nn,
12D3KooWGAZeTUX8bNTPBdFZgmr6V2LtEFwy6s5NurJheggvBku1,QmUNLLsPACCz1vLxQVkXqqLX5R1X345qqfHbsf67hvA3Nn,
12D3KooWK8FwXUGkfuRW1RN5Vyj9DKMZo4B6x7DXFfQiWynzHifk,QmUNLLsPACCz1vLxQVkXqqLX5R1X345qqfHbsf67hvA3Nn,
12D3KooWJHRQXxnQ7B9RsiAHDACrYCvbkmyMLKZH3pHKWKVBVgtt,QmUNLLsPACCz1vLxQVkXqqLX5R1X345qqfHbsf67hvA3Nn,
12D3KooWQAaeWodMeC4qZH325CY4fZpikNAHZPqBeypvLMfAg4Z1,QmUNLLsPACCz1vLxQVkXqqLX5R1X345qqfHbsf67hvA3Nn,
12D3KooWQZBUjXiANAXJdeCD6hUgUw9WA1tvssSPhzFzi9S1xT78,QmUNLLsPACCz1vLxQVkXqqLX5R1X345qqfHbsf67hvA3Nn,
12D3KooWC216xhMuvkoTS1tKXjkrzfL4Ei6vSYTsEoDH56RnyGPR,,
12D3KooWPKm917ZA52SMBEn39Lx2LkCVmdKb7JB25FTaDCKz4qsU,QmUNLLsPACCz1vLxQVkXqqLX5R1X345qqfHbsf67hvA3Nn,
12D3KooWKSkpNemVpWudnSMXEqZc3LELVSBWwwj3Qoenf1xjR5pX,QmUNLLsPACCz1vLxQVkXqqLX5R1X345qqfHbsf67hvA3Nn,
12D3KooWAKDAenousVSTVBA52b7rSXf8tEXEZ1Qd9x4LAmuUfqaL,QmUNLLsPACCz1vLxQVkXqqLX5R1X345qqfHbsf67hvA3Nn,
12D3KooWKvJ9Y4D5X4R3ajuc7tVtQWXZMG4iiMCFtay8frM66o4c,QmUPRNuNmKPgzCPrexfgZXsPqghmanDrGRSBE5BY59APa4,"404.html,_headers,index.html,index.html,index.xml,stylesheet.51dc211defd81900ecce8e4ee196e449552a43d44d0861b3574664069331044f.css,search.6233fa117720d8e6e7db05c83c1432bb384d56758f117ec73881cebd36421ccc.js,avatar.png,index.html,index.xml,favicon-16x16.png,favicon-32x32.png,favicon.ico,feed.json,index.html,index.xml,index.html,index.html,index.html,index.html,index.html,index.html,index.html,index.html,index.html,index.html,index.html,index.html,index.html,index.html,index.html,index.html,index.html,index.html,index.html,index.html,index.html,index.xml,index.html,index.html,index.html,index.html,index.html,index.html,index.html,index.html,index.html,index.html,index.html,index.html,index.html,index.html,index.html,index.html,index.html,index.html,index.html,index.html,index.html,index.html,index.html,index.html,index.html,index.html,index.html,index.html,index.html,index.html,index.html,index.html,robots.txt,index.html,sitemap.xml,index.html,index.xml,index.html,index.html,index.xml,index.html,index.html,index.xml,index.html,index.html,index.xml,index.html,index.html,index.xml,index.html,index.html,index.xml,index.html,index.html,index.xml,index.html,index.html,index.xml,index.html,index.html,index.xml,index.html,index.html,index.xml,index.html,index.html,index.xml,index.html,index.xml,index.html,index.html,index.xml,index.html,index.html,index.xml,index.html,index.html,index.xml,index.html,index.html,index.xml,index.html,index.html,index.xml,index.html,index.html,index.xml,index.html,index.html,index.xml,index.html,index.html,index.xml,index.html,index.html,index.xml,index.html,index.html,index.xml,index.html,index.html,index.xml,index.html,index.html,index.xml,index.html,index.html,index.xml,index.html,index.html,index.xml,index.html,index.html,index.xml,index.html,index.html,index.xml,index.html,index.html,index.xml,index.html,index.html,index.xml,index.html,index.html,index.xml,index.html,index.html,index.xml,index.html,index.html,index.xml,index.html,index.html,index.xml,index.html,index.html,index.xml,index.html,index.html,index.xml,index.html,index.html,index.xml,index.html,"
QmVPNwwBtUC3fPTSSsVAgS1WMz1RbEzkDbDxU9BvatXWXZ,QmUNLLsPACCz1vLxQVkXqqLX5R1X345qqfHbsf67hvA3Nn,
12D3KooWEm3PLa4wxR754qCEbeTPoJYHtqCxVH4b2kjz1FZ6NfZv,QmUNLLsPACCz1vLxQVkXqqLX5R1X345qqfHbsf67hvA3Nn,
12D3KooWQ8rgh5t9RknAMcefyczjPuyJh33L1R6oL9n2AchEyjXz,QmUNLLsPACCz1vLxQVkXqqLX5R1X345qqfHbsf67hvA3Nn,
12D3KooWKed3U41KCzUAEgzUSUMABCQJBzuPJ5ZNgBm1Qzuutira,QmUNLLsPACCz1vLxQVkXqqLX5R1X345qqfHbsf67hvA3Nn,
12D3KooWQ3rHUBFeLk4QbJPcfpVS8FBde4e9ye53yERTMdNFdRwg,QmfTndUGRuA8zpHxShqbeXjkZZpmFGUbhPPxNvusrPZZuJ,"image/png,"
12D3KooWNdzmfAD1S5qXc9MMB9zPP3g5hefftsjgeDm8nY8psvWZ,QmUNLLsPACCz1vLxQVkXqqLX5R1X345qqfHbsf67hvA3Nn,
12D3KooWM2NVGDbyY6Wo8UjEQkfDAb85Tz77Ax76RN4JhYrgyDYp,QmUNLLsPACCz1vLxQVkXqqLX5R1X345qqfHbsf67hvA3Nn,
12D3KooWKcbenBnAW32q7xe8BjvEgjhfoAjZyEPvVjDVwTrBFApi,QmUNLLsPACCz1vLxQVkXqqLX5R1X345qqfHbsf67hvA3Nn,
12D3KooWPYVwgLfPWUog6xa5KvQD2f9FezHH7RM2mEDCTuLU63v1,QmUNLLsPACCz1vLxQVkXqqLX5R1X345qqfHbsf67hvA3Nn,
12D3KooWBCnJjptoKiz8dibqgvB2ycpAHJs3Bxq1jDJDje2NvYFQ,QmUNLLsPACCz1vLxQVkXqqLX5R1X345qqfHbsf67hvA3Nn,
12D3KooWSdWfDhN6ZkQehnmqdD3SRt1q1X2EMAcMF7vp489p59WL,QmUNLLsPACCz1vLxQVkXqqLX5R1X345qqfHbsf67hvA3Nn,
12D3KooWHYoMYck41FNNUmGFLRmGiWorXuvbd3wZumkuMFNyV8bA,QmUNLLsPACCz1vLxQVkXqqLX5R1X345qqfHbsf67hvA3Nn,
12D3KooWE2Gb22D5kxQEWSkyTXTtG7RdmdhmYHjsMVpie3wQiKjG,QmUNLLsPACCz1vLxQVkXqqLX5R1X345qqfHbsf67hvA3Nn,
12D3KooWRnrLFTKDWdb1AzWzjgrLyaB6kSftw1bYnNKsGtt6QRzh,QmUNLLsPACCz1vLxQVkXqqLX5R1X345qqfHbsf67hvA3Nn,
12D3KooWMJyXYhRjDq9Vfrgs1CpTGy86awaKNdNB3kfmGag8itUC,QmUNLLsPACCz1vLxQVkXqqLX5R1X345qqfHbsf67hvA3Nn,
12D3KooWBfGpZ2zuAjtiSVEynYfCN6dHv5JkFe4m9qYov1uJcNeC,QmUNLLsPACCz1vLxQVkXqqLX5R1X345qqfHbsf67hvA3Nn,
QmSSmBqDpuqHBNKsxCg7FH68ARH9auRoLH1wGHaw6wrKR4,,
12D3KooWGgDHWhvjAa9bLw6o4N7zxXTRkm8p495QgAZ3Sj3c76fX,QmUNLLsPACCz1vLxQVkXqqLX5R1X345qqfHbsf67hvA3Nn,
12D3KooWPMjVkdh2B2CKo2tPVMhe352HL23fiM1AEuWMUd4oUDiC,QmUNLLsPACCz1vLxQVkXqqLX5R1X345qqfHbsf67hvA3Nn,
12D3KooWNea9AcRc3gt1BudN5B5f1SPXdB8998TJ2vu5NXHJctjN,QmUNLLsPACCz1vLxQVkXqqLX5R1X345qqfHbsf67hvA3Nn,
12D3KooWMrkWDLQL2dGnwbdxqxJPMLpQfhVhQPLmvfEsTsYmNGta,QmUNLLsPACCz1vLxQVkXqqLX5R1X345qqfHbsf67hvA3Nn,
12D3KooWMpsGPuUStuqEP9y778qDZR1WQCt1mRkAHRseVg9rthzt,QmUNLLsPACCz1vLxQVkXqqLX5R1X345qqfHbsf67hvA3Nn,
12D3KooWNg4MsC5noMQoQspCuVj2Yx75j56s6VZ2J2zeUJVLrfTW,QmUNLLsPACCz1vLxQVkXqqLX5R1X345qqfHbsf67hvA3Nn,
12D3KooWRuehv79bX8moZyJifhsMJfYFbGNTnySjg8JNKDyLWPuW,QmUNLLsPACCz1vLxQVkXqqLX5R1X345qqfHbsf67hvA3Nn,
12D3KooWNZofuh7JAJvx4GAMK11H3xYmkRZChqayYJLcUijS1C8R,QmUNLLsPACCz1vLxQVkXqqLX5R1X345qqfHbsf67hvA3Nn,
12D3KooWG347ZdTALHsyng6bqgYwVCvpE464gG5Bn99iz5xTd5oS,QmUNLLsPACCz1vLxQVkXqqLX5R1X345qqfHbsf67hvA3Nn,
12D3KooWPL8uF55TdaqM15eCUZyP3Kfz79XXx2SkgpRaDK94UgCk,QmUNLLsPACCz1vLxQVkXqqLX5R1X345qqfHbsf67hvA3Nn,
12D3KooWBcj3um4tXUuRkpQR8TcYNaWFyTMr6doGdq1ndL635Ryw,QmUNLLsPACCz1vLxQVkXqqLX5R1X345qqfHbsf67hvA3Nn,
12D3KooWMP5W95mFATcfPiRzizeSsNFcDJ6zjg21gWCDiiZrvJ3H,QmUNLLsPACCz1vLxQVkXqqLX5R1X345qqfHbsf67hvA3Nn,
12D3KooWCAB42pxj2r1RyCUE4uWfyQwrYgxnx4nNWhsXN4LzWgBb,QmUNLLsPACCz1vLxQVkXqqLX5R1X345qqfHbsf67hvA3Nn,
12D3KooWFLZMAPC7mMAWoDLxhB4YcM96saFRYez2ihZ7aodpWgjS,QmUNLLsPACCz1vLxQVkXqqLX5R1X345qqfHbsf67hvA3Nn,
12D3KooWCr1i6zc4THt7mwoJugoM2rQ5iR5kVjY6ALgfWNY7ZdrY,QmUNLLsPACCz1vLxQVkXqqLX5R1X345qqfHbsf67hvA3Nn,
12D3KooWFEczzM32gw8CfV2SHHeLcR6Vr1KDG7q9nFJDbVZHyrJd,QmUNLLsPACCz1vLxQVkXqqLX5R1X345qqfHbsf67hvA3Nn,
12D3KooWMWz4AvKweh547Lsfb76Epxur2Cn4BabBo1ZwcriSfyYQ,QmUNLLsPACCz1vLxQVkXqqLX5R1X345qqfHbsf67hvA3Nn,
12D3KooWACtM1ZrcsLgnukf1CiueiQp9YVREwoQ4JuRSVGnq5oH3,QmUNLLsPACCz1vLxQVkXqqLX5R1X345qqfHbsf67hvA3Nn,
12D3KooWLWDNU4VCWmp1MHeaM24Mz34N7SNL5ZwDvWYhYPkK4XD7,QmUNLLsPACCz1vLxQVkXqqLX5R1X345qqfHbsf67hvA3Nn,
12D3KooWM2x1tbdSLxHsy2kX1wWoWJG1bZ2HyvjNfD3jTSyDGpBu,QmUNLLsPACCz1vLxQVkXqqLX5R1X345qqfHbsf67hvA3Nn,
12D3KooWQKewzbHZNie99FQJVDaSF5f5Hc8PgGj4KWyHXCADwPEt,QmUNLLsPACCz1vLxQVkXqqLX5R1X345qqfHbsf67hvA3Nn,
12D3KooWNZk3TCRzCRarjpQNy2mi4i1dy7NWCQF96BZqEvo5njVg,QmUNLLsPACCz1vLxQVkXqqLX5R1X345qqfHbsf67hvA3Nn,
12D3KooWETWPs1SjATKumXnybvVS1cHaQttaugq4SjjYZRKtdCMQ,QmUNLLsPACCz1vLxQVkXqqLX5R1X345qqfHbsf67hvA3Nn,
12D3KooWBHYZMfToNBxDE9BWEnmh5xp6Mhs9GJPAA8s4zpsHETnw,QmUNLLsPACCz1vLxQVkXqqLX5R1X345qqfHbsf67hvA3Nn,
12D3KooWFwhrYMzgfSUGUmpApAwrkM34sRiG2YDeAfzHGECYNXRW,QmUNLLsPACCz1vLxQVkXqqLX5R1X345qqfHbsf67hvA3Nn,
12D3KooWMRYRx9anrMjsq27esYvbS4nFU4ZwBPwvCzMMgsdEFVrw,QmUNLLsPACCz1vLxQVkXqqLX5R1X345qqfHbsf67hvA3Nn,
12D3KooWAHfR2nkapiB4XKfy9BHEW9sTKSJLAFRWf6bxudvTWixA,QmUNLLsPACCz1vLxQVkXqqLX5R1X345qqfHbsf67hvA3Nn,
QmTctHYiuy3LXguP5jBP4DJAmnCD22gQbBAV24wH394vSs,QmS8DvEzaK37nCdkFAP5SFgJgcwF3oM6VRjsHVzhrToBat,"404.html,apple-touch-icon.png,index.html,index.xml,index.html,index.html,index.xml,index.html,index.html,index.xml,index.html,index.xml,index.html,index.html,index.html,index.xml,index.html,style.css,favicon.ico,index.html,index.xml,index.html,avatar.png,placeholder.png,index.html,index.xml,MathJax.js,TeX-AMS-MML_HTMLorMML.js,MathJax_AMS-Regular.woff,MathJax_Caligraphic-Bold.woff,MathJax_Caligraphic-Regular.woff,MathJax_Fraktur-Bold.woff,MathJax_Fraktur-Regular.woff,MathJax_Main-Bold.woff,MathJax_Main-Italic.woff,MathJax_Main-Regular.woff,MathJax_Math-BoldItalic.woff,MathJax_Math-Italic.woff,MathJax_Math-Regular.woff,MathJax_SansSerif-Bold.woff,MathJax_SansSerif-Italic.woff,MathJax_SansSerif-Regular.woff,MathJax_Script-Regular.woff,MathJax_Size1-Regular.woff,MathJax_Size2-Regular.woff,MathJax_Size3-Regular.woff,MathJax_Size4-Regular.woff,MathJax_Typewriter-Regular.woff,MathJax_Vector-Bold.woff,MathJax_Vector-Regular.woff,jax.js,Arrows.js,BasicLatin.js,CombDiacritMarks.js,CombDiactForSymbols.js,Dingbats.js,GeneralPunctuation.js,GeometricShapes.js,GreekAndCoptic.js,Latin1Supplement.js,LetterlikeSymbols.js,MathOperators.js,MiscMathSymbolsA.js,MiscMathSymbolsB.js,MiscSymbolsAndArrows.js,MiscTechnical.js,SpacingModLetters.js,SuppMathOperators.js,SupplementalArrowsA.js,SupplementalArrowsB.js,fontdata.js,jax.js,menu.js,index.html,index.html,index.html,index.xml,index.html,index.html,index.html,index.html,index.html,index.html,index.html,index.html,index.xml,index.html,privacy-issues-and-concerns-on-ethereum-network-layer.pdf,privomega-sketch.pdf,index.html,index.html,robots.txt,index.html,index.xml,index.html,sitemap.xml,index.html,index.xml,index.html,index.html,index.xml,index.html,index.html,index.xml,index.html,index.html,index.xml,index.html,index.xml,index.html,index.html,index.xml,index.html,index.html,index.html,index.xml,index.html,index.html,index.xml,index.html,"
12D3KooWAUCu4RYWJ5T5CuqNTGnCBDrj4427ow2RexjjcPPaZKee,QmUNLLsPACCz1vLxQVkXqqLX5R1X345qqfHbsf67hvA3Nn,
12D3KooWRwbRrSN2cPAKz4yt1vxBFdh53CpgWjSFK5hZPkzHHz5h,,
12D3KooWMxbq3UgnprU9P5x2j3vYCuZKwcciwJW8NwvcJ7yRLp6t,QmUNLLsPACCz1vLxQVkXqqLX5R1X345qqfHbsf67hvA3Nn,
12D3KooWAHRVN5emAjfGxpPK7ToQkKb3dLdSRLsrrsbDSgVKFDzT,,
12D3KooWK1pnazya1APPnyMLwPJ6GK2vcnA7pYgCjyRvQLUhmYXv,,
12D3KooWAtCkppQhiq6R5ScidFcXmavgSeupe8o1oUdpTcyBoDS4,QmUNLLsPACCz1vLxQVkXqqLX5R1X345qqfHbsf67hvA3Nn,
12D3KooWAGNCi4YW6wpPEWtqKjtjvDufQUHirV3PdgrRTMD5Z64o,QmUNLLsPACCz1vLxQVkXqqLX5R1X345qqfHbsf67hvA3Nn,
12D3KooWSnnUMZ6DqE6FgCyBGyDAV1JWnAwT4M7McLN1G8WsGpiN,QmUNLLsPACCz1vLxQVkXqqLX5R1X345qqfHbsf67hvA3Nn,
12D3KooWJJZuv2iZMgUj2X6bWghyD1mpPYWzyPxHvAuMuAfdTUs2,QmUNLLsPACCz1vLxQVkXqqLX5R1X345qqfHbsf67hvA3Nn,
12D3KooWJnBcKhJihgpHXMeKFAsn6yWnjsFo369H52fa5QQ7HnY5,QmUNLLsPACCz1vLxQVkXqqLX5R1X345qqfHbsf67hvA3Nn,
12D3KooWNWgNz5QSL2D2YxfKcYo6HyEpFuRnW2fRYewrDmjWJECi,,
12D3KooWM3uCR4kgNZXgtesdGRfVETn1ucZ7MgQGWRfPiq8jNfjC,QmUNLLsPACCz1vLxQVkXqqLX5R1X345qqfHbsf67hvA3Nn,
12D3KooWR8WPieh6QcQpaMjzBbxw7iDG4M6GmMKR4CT5gFL7XS9D,QmUNLLsPACCz1vLxQVkXqqLX5R1X345qqfHbsf67hvA3Nn,
12D3KooWFeNvc1xvPP1zJqzuKFEnqszqe4tMW8vLT2gn2TiseprN,QmUNLLsPACCz1vLxQVkXqqLX5R1X345qqfHbsf67hvA3Nn,
12D3KooWJCuHKwkh1aacJC1Fn3LssAG4oJdEGbaW7wKbJoNBA3mh,QmUNLLsPACCz1vLxQVkXqqLX5R1X345qqfHbsf67hvA3Nn,
12D3KooWKe2h7YzR8xA8SGgWPCJRTXAB4s3tzhTJYpDF2GESqwoQ,QmUNLLsPACCz1vLxQVkXqqLX5R1X345qqfHbsf67hvA3Nn,
12D3KooWFaeZ9iGqo9cDjXZLqn9MeKLgLpDtVMKhMF7CQnf2tECU,QmUNLLsPACCz1vLxQVkXqqLX5R1X345qqfHbsf67hvA3Nn,
12D3KooWKuC2hidzJP8Wpf9ApVqe4iu4QbiPYhDCC6C1ej79hKcj,QmUNLLsPACCz1vLxQVkXqqLX5R1X345qqfHbsf67hvA3Nn,
12D3KooWCT4evRffZ6MFk23aSp3RCQhx9Uv5A4UiXi8Rijyjz5LP,,
12D3KooWLWYTggQhirAqh6G55pZNY8itNBxfv5W76mnnHLWiZDzg,QmUNLLsPACCz1vLxQVkXqqLX5R1X345qqfHbsf67hvA3Nn,
12D3KooWNcFJTzrm92QWDC2KMvUZufVefrS8gdyNQkitRFuMymoM,QmUNLLsPACCz1vLxQVkXqqLX5R1X345qqfHbsf67hvA3Nn,
12D3KooWPU4qxSwahNDLM4hBL2SCYE53g2XxyePQWWUBvgBZ8cJy,,
12D3KooWHYGoPkzkQ2wdXqBgBvqktBoUZxpekwmYbxowTP8GJypR,,
12D3KooWSFJ8MzaHEiJDFkiMXzzQ1FeE5X3DwvoWdsAgCFfuH8qQ,,
12D3KooWDk1EPY8kFsCnuDeV5hBvAcRx2kDsnSCRVVf4BcW8nPPv,QmPuV1hjL8fCjaSzBBWfHeHesTRZ5cSPCw1C5Sr5E3CPXX,"image/jpeg,"
12D3KooWQDhqSv8RCAVJPksorsBiBXZ4PgwA9FeHeKvh1vDnJPDs,QmUNLLsPACCz1vLxQVkXqqLX5R1X345qqfHbsf67hvA3Nn,
12D3KooWArT4XRxY7U5ZgbxeJBxHN4KU6VXDHSkYmj1os4JAAPYJ,QmUNLLsPACCz1vLxQVkXqqLX5R1X345qqfHbsf67hvA3Nn,
12D3KooWJ6fTAqURK25XJnJaVaHjRGmBMD9R5JP4xe7qTPCTRofC,QmUNLLsPACCz1vLxQVkXqqLX5R1X345qqfHbsf67hvA3Nn,
12D3KooW9wKjVgTkiy1zW3jyGgPBZomRwNMYNw8ALtrQtUyHRbn6,QmUNLLsPACCz1vLxQVkXqqLX5R1X345qqfHbsf67hvA3Nn,
12D3KooWJGMZMhMfJ3Jo47zSGXWwsF7txqva5SQXhZWptWc3hfn7,QmUNLLsPACCz1vLxQVkXqqLX5R1X345qqfHbsf67hvA3Nn,
12D3KooWLLD2hCMjVNVz4HNxzFjWokyuSnykFRMvCwGvqdeV7Xzb,QmUNLLsPACCz1vLxQVkXqqLX5R1X345qqfHbsf67hvA3Nn,
12D3KooWBQ1CxLh1ftJHmBucgHiiLvEtnF276YnxqSuP7UhMvCWa,QmUNLLsPACCz1vLxQVkXqqLX5R1X345qqfHbsf67hvA3Nn,
12D3KooWBp13sALinNw9ykp432FU6m8JNZ9tkgJT8t5szAnjiRZP,QmUNLLsPACCz1vLxQVkXqqLX5R1X345qqfHbsf67hvA3Nn,
12D3KooWK5AMDLpzzsayWpFkQtRu1me3a2S88AuoDiAya917VYyz,QmUNLLsPACCz1vLxQVkXqqLX5R1X345qqfHbsf67hvA3Nn,
12D3KooWMHJYaPE8jP4opZR5aiRaotum5bxpPpy6zr8uyarPsVEJ,QmUNLLsPACCz1vLxQVkXqqLX5R1X345qqfHbsf67hvA3Nn,
12D3KooWMzSWbQrGZyXLH7ZGfPz4TnUBnYVr7WFQiVw7msQZeRps,QmUNLLsPACCz1vLxQVkXqqLX5R1X345qqfHbsf67hvA3Nn,
12D3KooWCLWxwCNNtNRrChSLnjm5Z113Bqzebw1scvWJkE9z4FxY,QmUNLLsPACCz1vLxQVkXqqLX5R1X345qqfHbsf67hvA3Nn,
12D3KooWJTR9R8uHJvxMcYL3sQ7hE3GBbordJM7kGM1DJ9H6rgfM,QmUNLLsPACCz1vLxQVkXqqLX5R1X345qqfHbsf67hvA3Nn,
12D3KooWJVYkh57EV7vyksxVksTheTdNrtAk7yEUgJpRj9XQXhaN,,
12D3KooWSKqhupq61huxgb2D5tg3apctziWGTjEiA26pwdEhuMk8,QmUNLLsPACCz1vLxQVkXqqLX5R1X345qqfHbsf67hvA3Nn,
12D3KooWEzGPwXLxbErARPWM8MfiuFkMK23WUS6a81G8FcHGw6ty,QmUNLLsPACCz1vLxQVkXqqLX5R1X345qqfHbsf67hvA3Nn,
12D3KooWSQ3YKU3CAGt3UACWVa8eb45jK7iUPgoVtpJNYhRRtuAS,QmUNLLsPACCz1vLxQVkXqqLX5R1X345qqfHbsf67hvA3Nn,
12D3KooWSXhhcRBUY8ibXJwUAf3jSNUixarXwyMqkMpmZkphGfhS,QmUNLLsPACCz1vLxQVkXqqLX5R1X345qqfHbsf67hvA3Nn,
12D3KooWPmMnFTY2bNzxH7nVJ7jPhh6RW2tdhNbQ3Vzn2XVyv21T,QmUNLLsPACCz1vLxQVkXqqLX5R1X345qqfHbsf67hvA3Nn,
12D3KooWGiiTiRWY74B9Wf34rU25xkoXZGFR9Cxwdx7UkhNyK5tR,QmUNLLsPACCz1vLxQVkXqqLX5R1X345qqfHbsf67hvA3Nn,
12D3KooWB7BZe9RdafSsAFmqhrusDnDesrSPvRyYtLgqdPzkmn8C,QmUNLLsPACCz1vLxQVkXqqLX5R1X345qqfHbsf67hvA3Nn,
12D3KooWFny8QPjJY3Q7Vp3jCuTQHm5McLkaAKhn1tW8EwvyHvw5,QmUNLLsPACCz1vLxQVkXqqLX5R1X345qqfHbsf67hvA3Nn,
12D3KooWEFLDPV67Lv4EdJ5NVL6Xe6BWHHiJmpZocXHjRc5nKTEv,QmUNLLsPACCz1vLxQVkXqqLX5R1X345qqfHbsf67hvA3Nn,
12D3KooWPieDuCAUM6LfXygKVhbF47nRuAsQSMPTg7uPcU2xN6q7,QmUNLLsPACCz1vLxQVkXqqLX5R1X345qqfHbsf67hvA3Nn,
12D3KooWHEy75KtYBi313J1xyMds2NJhbPYXDwDZ8mZQJ71cYWbh,QmUNLLsPACCz1vLxQVkXqqLX5R1X345qqfHbsf67hvA3Nn,
