cid,peer,other_peers
QmbhXhzx9eY9e5QpbeDXQ2ozk9KgdJ7VALgfXRCbohtsD5,12D3KooWEbtpN5F2jqtEUQZnveRgsE3kWSyZbCtzgwc8XPEvvKGa,"12D3KooWHmEdF3PpiUWFSSc8oJZnwtLpFFNVhLVQxXrCVgEMFs3y,12D3KooWBA3FLioUQPqtj3RT4fxbquGNyb2hfQwXq8UTt5xmxuCi,12D3KooWHmEdF3PpiUWFSSc8oJZnwtLpFFNVhLVQxXrCVgEMFs3y"
QmauhUbPerCeRjJAbPCoDAdASuzWJ9sMrx5k7FUPeSQDyU,QmYGVgGGfD5N4Xcc78CcMJ99dKcH6K6myhd4Uenv5yJwiJ,"12D3KooWBA3FLioUQPqtj3RT4fxbquGNyb2hfQwXq8UTt5xmxuCi,QmYGVgGGfD5N4Xcc78CcMJ99dKcH6K6myhd4Uenv5yJwiJ"
QmZUcj7w6WALSvupbGh6hTzWC3yN9aGgHcdXTSWXXuh2rP,12D3KooWEMCvm5EpGTVYeWVm8bCzeCAgRPRgLi9HV4GUfFnhq9Xt,"12D3KooWBA3FLioUQPqtj3RT4fxbquGNyb2hfQwXq8UTt5xmxuCi,12D3KooWEMCvm5EpGTVYeWVm8bCzeCAgRPRgLi9HV4GUfFnhq9Xt,12D3KooWEMCvm5EpGTVYeWVm8bCzeCAgRPRgLi9HV4GUfFnhq9Xt"
bafybeiav25f3lduu6x2ljzjmctocac3k5xh2tph5ihpv64icc7lf3qudra,12D3KooWBMo99iEN3u4uuy2N8pTtnSiTiecvc83sHj48xi1TdGmf,"12D3KooWBMo99iEN3u4uuy2N8pTtnSiTiecvc83sHj48xi1TdGmf,QmRhtW6jWjnXDPauEpP6nFonxA2xC2CEt5knzSTeLBqPL1,QmWxsLW6BTFCjFfwgq8tUkw8qhX8CfsyYWdj3suGLjDTCS,12D3KooWSMc3sjPAAxdNXPg5nUa9M76WK2Vp3uf9FhfARpnmKjEH,QmXeyXL9hyR3doG9ytdqgZ16Zp1sjaRvQWCFKB9Z34Y2gV,12D3KooWDofLerakAchxYsSPFM9ijjYpA7eo3ENpupW3W4H5oeEg,12D3KooWConXG4mVuWtxxubA3wfmUWdCwkL54nZ7SnUgbEDnHZkX,12D3KooWHRtiyBEGddhe7wvNz5q8A6gyDReqpzN5aiyT2gktKqXd"
QmUU2HcUBVSXkfWPUc3WUSeCMrWWeEJTuAgR9uyWBhh9Nf,12D3KooWJ89EV5wjkfHDCtoa6p9f9JPiJoawy6WS83W8YwUvQQHR,"12D3KooWCwgMCwEubQoh8w9BCy8euS7rEs2K7jHU8oejFc9KfHwa,12D3KooWJ89EV5wjkfHDCtoa6p9f9JPiJoawy6WS83W8YwUvQQHR,12D3KooWGoP2pJNd9EbnyLMw2E4yPcGgfVbtDBkG6scyBMw7TVFv,12D3KooWLSw648KF6z7H7YgJdFkVR7WYT2JQinarafMfxEiYSdrr,QmUeUGaK7Bs8jgJ55R1rB2nDcsaTLaop7PiZLiYS4so69r,QmTuZ9WGdvyBC3NZvZyX2mJ5ciNL9X9MUFPdd7E7J1wjc8,QmWboxuLjnFvZMErSbuGLZ3VLxZgWKDBX75AV8sZYacQTV,QmWxsLW6BTFCjFfwgq8tUkw8qhX8CfsyYWdj3suGLjDTCS,QmZNWqSqBRVkKkCF7UUVpwmKaNoV3yCgAcySiu33EMp1SZ,Qmd6YGbtfRK8nsBos6wP2vzXwBDjHo3MDYsbcidf6f9ujY,12D3KooWJ89EV5wjkfHDCtoa6p9f9JPiJoawy6WS83W8YwUvQQHR,12D3KooWLSw648KF6z7H7YgJdFkVR7WYT2JQinarafMfxEiYSdrr"
QmdbGV12ji7DHvVXYiaWvWJJmnYy3V5of8fpkripPGo3jK,12D3KooWJnzYzJBtruXZwUQJriF1ePtDQCUQp4aNBV5FjpYVdfhc,12D3KooWJnzYzJBtruXZwUQJriF1ePtDQCUQp4aNBV5FjpYVdfhc
QmT1Ja1kcMh3E7xHWAc49N6BpXnWJDPCTMUWXDvnKAdvJu,12D3KooWJsk9pYxP7gxzGDG9uc3YbFAGniTYs6uxeziqzwN6wUwg,12D3KooWJsk9pYxP7gxzGDG9uc3YbFAGniTYs6uxeziqzwN6wUwg
QmT2SRqXr8KvmuQTnvxvKm6NaVy9ucYYPRpPiQp78GFP1w,12D3KooWHtExTpV7T7rA27nm7Kk3oPJoDFMjLkTzvi36AA2BEZ2a,"12D3KooWHtExTpV7T7rA27nm7Kk3oPJoDFMjLkTzvi36AA2BEZ2a,12D3KooWHtExTpV7T7rA27nm7Kk3oPJoDFMjLkTzvi36AA2BEZ2a"
QmNrJu5JW5RWTz2G2jgNkgCgp7RHHEk7Whi317bUNnerfu,12D3KooWNLToj8iYDTHbeHw92mXBXPj2MNjaS8hNDKrcs8HY5rf8,12D3KooWNLToj8iYDTHbeHw92mXBXPj2MNjaS8hNDKrcs8HY5rf8
bafyreif5iydbfn42ouu6wi7jtaziva5mckzub4tndprdnkutobhrpxrmhm,12D3KooWHYiiYZeTVV8KqvUMCcSFEuR4jQ3uSEFp7j1G7g1JXiBB,"12D3KooWHYiiYZeTVV8KqvUMCcSFEuR4jQ3uSEFp7j1G7g1JXiBB,12D3KooWHYiiYZeTVV8KqvUMCcSFEuR4jQ3uSEFp7j1G7g1JXiBB"
QmaDGBwVyFcjiLXzwYWYDGjM2cnKmWBXHSQkCZYeYgChDj,12D3KooWP9aPDoT7PcDneo8gj7Tevc4MSZ2CpvwtLvxGx7NvjWKT,
Qma3747yKcgDfxay1gWHKMJmimeWA7Vi7xoVE6KR2oyhdW,12D3KooWHEYmQiW6dhp1pkTMwsZLLnv4rDH63HoV8F1Vp3UXsktP,
QmYWAifyw2V5dEq7c5GgdSPffeKoYXQZggnYzw5RbXpig4,12D3KooWNPWkiQYV5R1WXEDkVTzMQn8CQjnmoZJRFNLdSqygoD2z,"12D3KooWH8AYh6d7RUxSK6EeRwhCuYif8xcdK5GJRDT1ufj64whh,QmNeRcQdNtHmJY4Aj2MWJZe52jcZ39BsmRcXunZ8xEWF2y,QmUeUGaK7Bs8jgJ55R1rB2nDcsaTLaop7PiZLiYS4so69r,QmY6Fnvi2w5dS6uFQP62GWwPb7S4VQqehx3vZeKTZFHSGh,QmYBEXLhD7CDEBx4uW1QBTZRgUS3xnntgCigv9ahjhehXZ,QmbTcHDGsFY7C8LJFJvxVDitjj9vjnv2SCtMPpCCPGUjGa,12D3KooWH8AYh6d7RUxSK6EeRwhCuYif8xcdK5GJRDT1ufj64whh"
QmezUGmr8aGCkyBEcCGVDVQQP6mNgmmhCXYZCW5HYYXD62,12D3KooWH9QQvSR9GeZv74EhEePp4jsV4p1HF9NT8qkBFrcAgWZn,"12D3KooWH9QQvSR9GeZv74EhEePp4jsV4p1HF9NT8qkBFrcAgWZn,12D3KooWH9QQvSR9GeZv74EhEePp4jsV4p1HF9NT8qkBFrcAgWZn"
QmepZt9TvmypWhq51TQAYJRs7bZicV3BefahjvY7exZCdL,12D3KooWRxFdFNqDWCPmiK1tZ2dNXi9L8kM2kiusY5N6B5aGqGu3,
QmSHR5wNWmNdjNZ5RDffjcjbNQawNX5AqBauGcgbhJERf1,12D3KooWEpPKP66hMkz9SdPFa3RGXXQrmSj5ArQqYzkycZRbTKTD,12D3KooWEpPKP66hMkz9SdPFa3RGXXQrmSj5ArQqYzkycZRbTKTD
QmaJegxhjiqho2fv6pTHCAnXjZxWg2jAy9q6m1zsR3tPsk,12D3KooWNdXJvLxG4zVshhJUDtU9Rc38PEAygz1bubvnPP4t78kr,
QmQRgDkSAqWAtzqQBKEbwV731KcbPtYun7KkEqAGGcFr7o,12D3KooWMEFGpV7YsnGiurAKDD6rPqdLBQWEV9f3HkxQpixHyVEJ,12D3KooWMEFGpV7YsnGiurAKDD6rPqdLBQWEV9f3HkxQpixHyVEJ
QmcPUJHg9jz4XXHd8NVR4LVxXCkhcXU51a13cGDu2W4CDE,12D3KooWJQ7RpWJyuokEnep9RsH1Tani9WNptkbMwwrwFuSaWvDa,
QmeeRMns22TKCaLG69zKwPxkhWUCy9YuED9G3q8LSEP9zn,12D3KooWDtdm6wxDZQFHdBGfbarbmp2LgY471TrGzjfs5piask8t,
QmdvJFBWbwui53tWpZGGn4pArvUGL6318a3ytdn69v2yti,12D3KooWSU6Qamo9GySPi4qkFhwN7HvU2mtGDcgYftRRXzVbTrPF,12D3KooWSU6Qamo9GySPi4qkFhwN7HvU2mtGDcgYftRRXzVbTrPF
QmeAR2WEwR76drbpvvEJcnGVWpqexXQhRi8RfZSiYrYefH,12D3KooWGVNJUAxwEWewfo7smV5af62afaSMkKaha7veKa1ziARf,
Qmeo4Fp9KL1yKn8nAU5CCt2hFurVjf69D4U4y3F9XSMCS9,12D3KooWKpBHcmxa3SiksQtkhSH5fY87rCoJBHPa1MKQwK7FTLd9,12D3KooWKpBHcmxa3SiksQtkhSH5fY87rCoJBHPa1MKQwK7FTLd9
QmcM8fdF3SzJYhwMgb5MAiz4LEfVxYF9DksPemTJPVNQKc,12D3KooWN5YkXpdcYvBhDpedP9YHdQDVzYuqDFgf2GJCqsVvgyTb,
Qmc1NqaR6vtoGEgoxrNzvK4xvcG85gB7CnfeppAUiF1jPG,12D3KooWC59Sq9yxPnTrSosJPUbhoLE5HpE5UrXZq334cfjq8ALm,
QmPmKL74NgYPhFRTF5sz7EEe2Zz7DzAHd1Spo5i7nzaczm,12D3KooWGZKw3571fWfrZVJpc8o4UtChGSv3hKBZLfJJj8pAzWZJ,"12D3KooWGZKw3571fWfrZVJpc8o4UtChGSv3hKBZLfJJj8pAzWZJ,12D3KooWL2FcDJ41U9SyLuvDmA5qGzyoaj2RoEHiJPpCvY8jvx9u"
bafybeigqc3vl5rmzalqmzw6yr3brmyzwlgx46a4wnvutkxglo2ywlwgda4,12D3KooWQkF7dhDVt21mwgynaYmLNXd2Tpm4nCrZ3txi9UEczJUY,
QmYjrZNcJ6TLEbZySfTDs4NdkeohPGFTmtD4ZiCVmmLMPU,12D3KooWQzWqpRbicNrRKYbGymiqatcbXAp7PvecjDzBRp5XycoX,"12D3KooWQzWqpRbicNrRKYbGymiqatcbXAp7PvecjDzBRp5XycoX,12D3KooWQzWqpRbicNrRKYbGymiqatcbXAp7PvecjDzBRp5XycoX"
QmYP2e5YzecZaBmh1ozjLSaNeDYGLMoVQ3sgsBcsshh79p,12D3KooWQ93UjZfHacAPXeyoDjXNBiC9bi1K9AxVpzbJBtvmEcUx,
QmYT7UQr5rcMaKVXRm1XCi63rxmtqufqHQEhHGC4dvZ9cY,12D3KooWEyprQMaxhRK9aWy8Ww5Z5e4EWxecQPg5TBkGTNzenjzZ,
QmbwnKjELQkfXissi1ryELBESQKPXyDvhC4hyjtvaQy7W9,12D3KooWFaRGd2GrByryBEKRxRdramUBGWAZMCTNkNhvQ7nRsfgF,12D3KooWP9aPDoT7PcDneo8gj7Tevc4MSZ2CpvwtLvxGx7NvjWKT
QmYKpX54ref1k8qftF5brwsXZ9NvXY3fHj2VpZ65ExWmAk,12D3KooWDjq3Pdq8b3k1LzDtTYmC53qmTWpTk4wzjaHyJ1MqPuJp,12D3KooWDjq3Pdq8b3k1LzDtTYmC53qmTWpTk4wzjaHyJ1MqPuJp
QmYjL57tJpxS4LTsyvkwBiusF9xsuoUyiY5pab6GcMj9jx,12D3KooWJyzBNJWsB8NDUxH5EQ83cqBpnfyBfvz39MXqGXdavAs4,"12D3KooWJyzBNJWsB8NDUxH5EQ83cqBpnfyBfvz39MXqGXdavAs4,12D3KooWJyzBNJWsB8NDUxH5EQ83cqBpnfyBfvz39MXqGXdavAs4"
QmRmKxpwzSPfqi6HqCtetc1EkhcFZ4WRc38af3k8ba4Den,12D3KooWPUz8Gj4pQWZ9cbspdxUUPY2yq85TJhfoMyCYfxPUYGk6,"12D3KooWNgQdvrfjLgD3yuxkYc4tEVeLDQsysW4FEo63VPZZYMSe,12D3KooWPUz8Gj4pQWZ9cbspdxUUPY2yq85TJhfoMyCYfxPUYGk6"
bafkreiestm3qjyqiorjdezigjqzw5ohzir37oochzcy5jxs4y7jlqdbn3m,12D3KooWBtxjMyu2u6eqku2VattucLvEmmc3eJyuvmNYYWKFFfNA,
QmQdSLbDbVGoooQKWAZAkTxVToNv7GSUdukoM3pvbAb7ub,12D3KooWDP15nNk18hCxkTWwWuEHCMbkU9jV6ZvGh3NHPmzjvFsM,"12D3KooWDP15nNk18hCxkTWwWuEHCMbkU9jV6ZvGh3NHPmzjvFsM,12D3KooWDtjYQVvhaWyYpsduDrntomwqhsd3JEYbynqt13gHN8dR,12D3KooWB3VSdvnMycJGssdiHSrFXinoiU5pvwcsSV5xy9tNy4zj,12D3KooWHjrhker4EzH7hqhxK18AvehsA2TJeYn4RtU2jfmVCSwQ,12D3KooWHsshUtLVTUccPiFdmupxm3fhTgMnnZM76KPfhS6qPuk2,12D3KooWFxooNiGqa2uAvwHJR7L11BQAcJtfTmGkgh73buTF5etN,12D3KooWGw3kaZK97Kv6muDWfG8afvFnNuGzXCisJwm4nNaShufq,12D3KooWHAvQaZQmfNUfCZTWLnWkS3uGeFfF9kXzjXBNP2znm4gm,12D3KooWNJdwS44QJV8GyHSK5jSVNEfbdrYWja7ffnvN9e9G3hih,12D3KooWK7oHVubz5inbSiwRMNp6rq2mzyAHJnMfUYbY4erRvhhf,12D3KooWLa4nwFAZZX8Di3CUa5NoS1J92SCATv6zTSuzE1pYDPPi,12D3KooWMYJFeVGma4PrgwD9QmJUQ2vENDegyWgN4na6dVwawuKS,12D3KooWMoRSt9hujacpQvZyTe9GXdhmFcnYpxqtPuVGw1YHMHjr,12D3KooWPFjzieJC7XfHdCfMY7hDvGaF9smBDmaaVEpifWB7DgXn,12D3KooWPQBxd8aa5dEGL5rS5FNCPFz7GUmzQ3YrLZTHNenzroza,12D3KooWPiHrDXPdCVizPdoJfcFFrxzxbX7KcBTQQbjZcspzbrq7,12D3KooWQvazfos2pxE4caRVuHhG1xY98Q98mfAY7J77ToB8Tvc3,12D3KooWNJdwS44QJV8GyHSK5jSVNEfbdrYWja7ffnvN9e9G3hih,12D3KooWPiHrDXPdCVizPdoJfcFFrxzxbX7KcBTQQbjZcspzbrq7"
bafybeibcarbhzidgwzdsnmkeso55oap6u4oajsndbfzdjljn6r3fxl73ui,12D3KooWEJEFTFTdmdk8wQXAj93aCHFow63wq52ud9YxZMp9DCmV,"12D3KooWDP15nNk18hCxkTWwWuEHCMbkU9jV6ZvGh3NHPmzjvFsM,12D3KooWDtjYQVvhaWyYpsduDrntomwqhsd3JEYbynqt13gHN8dR,12D3KooWB3VSdvnMycJGssdiHSrFXinoiU5pvwcsSV5xy9tNy4zj,12D3KooWHjrhker4EzH7hqhxK18AvehsA2TJeYn4RtU2jfmVCSwQ,12D3KooWHsshUtLVTUccPiFdmupxm3fhTgMnnZM76KPfhS6qPuk2,12D3KooWFxooNiGqa2uAvwHJR7L11BQAcJtfTmGkgh73buTF5etN,12D3KooWGw3kaZK97Kv6muDWfG8afvFnNuGzXCisJwm4nNaShufq,12D3KooWHAvQaZQmfNUfCZTWLnWkS3uGeFfF9kXzjXBNP2znm4gm,12D3KooWNJdwS44QJV8GyHSK5jSVNEfbdrYWja7ffnvN9e9G3hih,12D3KooWK7oHVubz5inbSiwRMNp6rq2mzyAHJnMfUYbY4erRvhhf,12D3KooWLa4nwFAZZX8Di3CUa5NoS1J92SCATv6zTSuzE1pYDPPi,12D3KooWMYJFeVGma4PrgwD9QmJUQ2vENDegyWgN4na6dVwawuKS,12D3KooWMoRSt9hujacpQvZyTe9GXdhmFcnYpxqtPuVGw1YHMHjr,12D3KooWPFjzieJC7XfHdCfMY7hDvGaF9smBDmaaVEpifWB7DgXn,12D3KooWPQBxd8aa5dEGL5rS5FNCPFz7GUmzQ3YrLZTHNenzroza,12D3KooWPiHrDXPdCVizPdoJfcFFrxzxbX7KcBTQQbjZcspzbrq7,12D3KooWQvazfos2pxE4caRVuHhG1xY98Q98mfAY7J77ToB8Tvc3,12D3KooWNJdwS44QJV8GyHSK5jSVNEfbdrYWja7ffnvN9e9G3hih,12D3KooWPiHrDXPdCVizPdoJfcFFrxzxbX7KcBTQQbjZcspzbrq7"
QmZv2raQcTxNV2dv52V123UPL5SGSLXHVcTDGDrZMvsYGo,12D3KooWLXeQR9DQcEyoUrsjkkhruyojL35kuPYSey55GvTbF4p3,
QmTE9NDErW7C81RqvNTzATKQET7SRrU3BzrywNzu1iXWWX,QmXf1pyCfnupeMxnyQKWsGi7z3qdJQbeiePFPCLbvUL9vn,
QmZypAd49jYczH8z1dm7emMVerziKk46uLeHUW7ws71Jgn,12D3KooWJb8JPiQogknwYgJtEBrXSwWC1XAt98BqUrxKgqK7ewLa,
QmWm5gdnxrgdDmpu8JNSsNCihTBw7J3akqXYqyGe7zSi28,QmdZAuv7EhtUJjGeZkktYeNVWwziooeevxkHwzbeDdh8v3,QmbQGNnAz62FVpQxcBgvessiaKXhpAUPepbf5kzzftPTDQ
QmbvumRaXqgRrDdK2xByX1Lph9Mc5cs53ETcRsZCD1HP9Z,12D3KooWQAy16UQ5Sf3nhCcc3MiZ2BAtZfXyYcAdx7q5mdsiHw92,"12D3KooWBA3FLioUQPqtj3RT4fxbquGNyb2hfQwXq8UTt5xmxuCi,12D3KooWQAy16UQ5Sf3nhCcc3MiZ2BAtZfXyYcAdx7q5mdsiHw92,12D3KooWQAy16UQ5Sf3nhCcc3MiZ2BAtZfXyYcAdx7q5mdsiHw92"
QmbZTsDJPgjDEqPiioxBTnYnsRDSqHMDFUBsALg9J5MNLU,12D3KooWR363nhSUApWzgJ2YBLkWndZfrxR4CVf8TxVRTRPo765k,"12D3KooWR363nhSUApWzgJ2YBLkWndZfrxR4CVf8TxVRTRPo765k,12D3KooWBA3FLioUQPqtj3RT4fxbquGNyb2hfQwXq8UTt5xmxuCi"
QmcMrvS3ob78qHQ7BAuqVWZErpWkiVtzaDCPZuytjQyNXS,12D3KooWSW5crcMG1ZbRSGYasPyp99jLZNpbVPvSunQpmRosWVdU,12D3KooWBA3FLioUQPqtj3RT4fxbquGNyb2hfQwXq8UTt5xmxuCi
QmR8UuZGuAo7PSVDxzLSDKoThShAzsvLrs3EmmCaUoajGx,12D3KooWRqFipVZJazLiNPyte4b5M15SXAXicc1Nu4V48LWPnndS,"12D3KooWRqFipVZJazLiNPyte4b5M15SXAXicc1Nu4V48LWPnndS,12D3KooWRqFipVZJazLiNPyte4b5M15SXAXicc1Nu4V48LWPnndS"
QmUVTKsrYJpaxUT7dr9FpKq6AoKHhEM7eG1ZHGL56haKLG,12D3KooWJoeq3BCDvuG7x6F4dZnnYpVnUPu4ATZaXWMp4nCazTJ2,"12D3KooWJJfK6QEsdgh7YRBqe6P14vXSFWkybK2dF2Fs2KF54gVT,12D3KooWGc7qCqwQvx9r96hwtmVhJSiXKK1qMFunXP3KiccJv64w,12D3KooWGhPjzaw4uQKHEPgg6xwHbfkHC7Qe7xM3C5w61JAAbZJu,12D3KooWJjVYMTVBJiKV8dyunwDUU9nYBKq45JAoMm33Lf3LuPFi,12D3KooWKQgUzKALvm8d66GTqGxi5SBxS8FuJ7Z6TkXigrKP9Vwt,12D3KooWLfbfPbmvaFLWdkr1KTBY2xDf1D4ZaspTN9YmJ3Sq6CnT,12D3KooWLtFPnUMwUsdzb5HPZ4ygpoLcZuNYG9FhZT7KBjeeWZJn,12D3KooWMViFvPFNEpKq3iKz77G6kHo44tszPpa5Y22Vwc69cN7Y,12D3KooWQivjoZcWeBJ1tAwQ3G6mr8VbKD9hcT5gXezz893P6UyP,QmNcmkK7eZLW3CpQbeS1Udu8CcJ7rEVZf7X2roPNMXYunG,QmNeRcQdNtHmJY4Aj2MWJZe52jcZ39BsmRcXunZ8xEWF2y,QmZyL8fTwTWgJq6tuyN7fHRFXgBrSnPpQ2NUdZtDHCiDDi,QmbTcHDGsFY7C8LJFJvxVDitjj9vjnv2SCtMPpCCPGUjGa,QmdKGKRhMoGAsnMNCTKQ9CohfYXTq7MSaLCtmSmCM7VkrE,12D3KooWGc7qCqwQvx9r96hwtmVhJSiXKK1qMFunXP3KiccJv64w,12D3KooWJjVYMTVBJiKV8dyunwDUU9nYBKq45JAoMm33Lf3LuPFi"
QmfL7Sgcbj5qJr38eqHkuK7TymybhqYhzcpMwZoF66fmux,12D3KooWGsznsSrX3LAwqrShHjMHGyGxtYgVsFc1UeSQQ39TpDvo,"12D3KooWBA3FLioUQPqtj3RT4fxbquGNyb2hfQwXq8UTt5xmxuCi,12D3KooWGsznsSrX3LAwqrShHjMHGyGxtYgVsFc1UeSQQ39TpDvo,12D3KooWHZyYnzpgHrf4HNNgwnyspTnPMD2deooJdTYEWfk15CUh,12D3KooWHZyYnzpgHrf4HNNgwnyspTnPMD2deooJdTYEWfk15CUh"
QmVx56G8ktNspL63hKYR5JrysWf67GwJQukoPm1kugv8nQ,12D3KooWB533Qr93Cb59UN6WWwuuqFdJGvXCftREsDQHJ147cFhw,
QmUPRNuNmKPgzCPrexfgZXsPqghmanDrGRSBE5BY59APa4,12D3KooWKvJ9Y4D5X4R3ajuc7tVtQWXZMG4iiMCFtay8frM66o4c,"12D3KooWErRwP21vdVD7rkaivnMfxXAnXs3djX4D5JNfzAYFmrCM,12D3KooWFtNWJWT3UgqeGDiyz41zCuoWQ3BUfGRr32i9hNYFR9dr,12D3KooWKvJ9Y4D5X4R3ajuc7tVtQWXZMG4iiMCFtay8frM66o4c,12D3KooWNy2SmgY384B9EHVHdbSkvXEADwxjzd4ejXQqicxWpxxT,12D3KooWKvJ9Y4D5X4R3ajuc7tVtQWXZMG4iiMCFtay8frM66o4c"
QmfA5LshZWThJ5aFMrRPoJ3vhNyix53WCByxG6XLrDWfvK,12D3KooWFZCKdVW8yrvdMrEA8XPvw8j9qvtASpteRmPNz87S32KS,"12D3KooWFZCKdVW8yrvdMrEA8XPvw8j9qvtASpteRmPNz87S32KS,12D3KooWRrhBiCxrqB1n96jbkRy8eoRUo8xPx1DrGmLWVRsoHNJ9,12D3KooWS8ZwrSXujH9GoiZbZxamQzAbsywiviZwv4pxpSEjeN2x,12D3KooWS8ZwrSXujH9GoiZbZxamQzAbsywiviZwv4pxpSEjeN2x,12D3KooWFZCKdVW8yrvdMrEA8XPvw8j9qvtASpteRmPNz87S32KS"
QmfRs2SCwj9YuGNyHLyrzAYtQUXzducXfJqQLc3jgEpgfQ,12D3KooWP288mb949bK7M9iKAUQ6nnVgTKE1zMHo5wMNrMP7z3La,"12D3KooWNMYhuGoXjRujwZ58BRKFWxbmUzWuVno4kneuKhNXMK1E,12D3KooWP288mb949bK7M9iKAUQ6nnVgTKE1zMHo5wMNrMP7z3La,12D3KooWNMYhuGoXjRujwZ58BRKFWxbmUzWuVno4kneuKhNXMK1E"
QmcBe2ePTf8SDiuHH63gyQnoC1Bvx72hFJjAGZg7m8TSK7,12D3KooWKW4dpdTYmWDQRJ4mXDweWFvY7bRCd9coFj1V99XWGm9P,"12D3KooWGT6smbaEtDXNNseoye9k2HKmXryEvFLS8A3geRSajzym,12D3KooWKW4dpdTYmWDQRJ4mXDweWFvY7bRCd9coFj1V99XWGm9P,12D3KooWGT6smbaEtDXNNseoye9k2HKmXryEvFLS8A3geRSajzym,12D3KooWKW4dpdTYmWDQRJ4mXDweWFvY7bRCd9coFj1V99XWGm9P"
QmdMu5bXqyT5Vjpg7wCi8YttGHMJ1oU7hXjymvVqj2gCmQ,12D3KooWJdKdji5d2qwV3DesHuiRV1jHAtyfNVvs9mLjpp9GsnH4,
QmWZ7FH7R6Wmy962az5pczYBfW7E6quH97UtJCxSZvjPU8,12D3KooWL2FcDJ41U9SyLuvDmA5qGzyoaj2RoEHiJPpCvY8jvx9u,12D3KooWL2FcDJ41U9SyLuvDmA5qGzyoaj2RoEHiJPpCvY8jvx9u
QmS8DvEzaK37nCdkFAP5SFgJgcwF3oM6VRjsHVzhrToBat,QmTctHYiuy3LXguP5jBP4DJAmnCD22gQbBAV24wH394vSs,"QmTctHYiuy3LXguP5jBP4DJAmnCD22gQbBAV24wH394vSs,12D3KooWEardeyGvEYY8nSKdXgvpEH9918iKUrJgaLQpP77x7ASM,QmTctHYiuy3LXguP5jBP4DJAmnCD22gQbBAV24wH394vSs,12D3KooWEardeyGvEYY8nSKdXgvpEH9918iKUrJgaLQpP77x7ASM"
QmbpLCZ6cXCwbRjHNF34NRiVXLGresP2iW6TmuLx9rzeEm,12D3KooWPhCsXheSRjAzSuMpk3STcnwNN4vQjzeniHuszu4WCoE8,"12D3KooWCtTeqq792TmRXkZFP3FHuxiVc6XQ6f5hw5hEaFTnzYg3,12D3KooWGYre8SL8RcU7qVC9BVVitMn4FmnyCVRouCm87WYbLXb6"
bafybeicrknuqndw6vusob6tmjgqjzrwzxjdxyrqy27x67if5td3hhyxkgm,12D3KooWCVwni9aYStvowhh5W85Qd84j2urvCDkvurEKDuEVQpaD,"12D3KooWCVwni9aYStvowhh5W85Qd84j2urvCDkvurEKDuEVQpaD,12D3KooWCVwni9aYStvowhh5W85Qd84j2urvCDkvurEKDuEVQpaD"
QmbRgdVc5Br4qugUW5MZfkkdhHL7ZgTxN7rC6Zj2XwSXMs,12D3KooWRScHqgCaeymcAsHjA93G9d8HGDzX8mAgHAAjQMzdGt2a,"12D3KooWRScHqgCaeymcAsHjA93G9d8HGDzX8mAgHAAjQMzdGt2a,12D3KooWRScHqgCaeymcAsHjA93G9d8HGDzX8mAgHAAjQMzdGt2a"
Qmc3Q8nU9R3GKHmPKEFwPXnsM7zqx3MFjRDVnHrBAYAPAf,12D3KooWS8EiLNay8qVnFaULpxW1X9sGZZz4wV8E6E3QEwCRktry,"12D3KooWL2FcDJ41U9SyLuvDmA5qGzyoaj2RoEHiJPpCvY8jvx9u,12D3KooWS8EiLNay8qVnFaULpxW1X9sGZZz4wV8E6E3QEwCRktry"
bafybeigdyrzt5sfp7udm7hu76uh7y26nf3efuylqabf3oclgtqy55fbzdi,12D3KooWBdmLJjhpgJ9KZgLM3f894ff9xyBfPvPjFNn7MKJpyrC2,"12D3KooWDcZj3zhQQXPSomDqz81jxpw7H7bxsQGhkS4LJJo8qF6k,12D3KooWA6KnMLxbWPrfXBw1rhFRaSvm6XnBd8EXFQxsfJZm1AfS,12D3KooWAGQrrTAT1tJoUEGSHvFkvNz6dmMDaxDX1BjywSRqx9ce,12D3KooWAuSWjHi7cuYHqWAKqBQXTk7Tb1TAuEcuQdmbMuWgsbwg,12D3KooWBGxKjVDtyGWyMCycC8EtyAWXmggmzXmoe4RPyyYUcKVb,12D3KooWBv2ZEcsj4db2dEjrCZDhYiLENyukCPHR4zpmMki9RN3t,12D3KooWCEhRzyNjsij9UZnu93xKZ2kfCte97dDvKefffmSWndPS,12D3KooWCM49XkQQwbYFLYVGZ6rvUaumbC72Ns4fKjxj4RrExGj1,12D3KooWCQC9FAmRmyMAHVd6qvD3nM52m8qp17g9Jrvgc8eCbEo8,12D3KooWCu1aeEZnCMQdvHSoSpP4DGYLAuGrxsXLEELKsaDmGcuA,12D3KooWDEqeGJPKh6Fz566ZyKL39JgSowRL8x65p7vZQ7owTia6,12D3KooWHkDVupA1kUYqbjhaWJ73yfPLRWukLpJJuMJ6Y2z3TNxQ,12D3KooWJGzBTpW1Rwg7MgpxypNgVKSbvkGp2e1hgdoUwyrCtQiU,12D3KooWJJJBLSWHXkkfb65JngvrcDBdbVQZJt5BQxJkFF9uVqLm,12D3KooWJMRqSwg6NCeqHEfT49Bp2Yyx3rJHDsUPs2Q4pu7SGvCe,12D3KooWET3uorsDShqL4TLV2D9pz95CEpkgJdLNBViB8K2EUzdc,12D3KooWErRwP21vdVD7rkaivnMfxXAnXs3djX4D5JNfzAYFmrCM,12D3KooWFNA8HnPH8kfxszTYycNTLG397Mst89kYSZpxARgocMS4,12D3KooWFgATvvWPhxYqtJoR7XdbwZDDpLwRhVyRzkSXguE4sCku,12D3KooWFoc3ozesEfEuG5h3Ep5rofxT35UvPT7Mnrpa81Z5cSXK"
QmNoBHWTxaKNFccPtq6RS2W9sivxLddfaro9xfCb8C1iwA,QmeGwomQyT5TtBfYAuA5KHr5XJEuiEvWAdhcapppUftVU5,"12D3KooWBA3FLioUQPqtj3RT4fxbquGNyb2hfQwXq8UTt5xmxuCi,12D3KooWSAdvAGWUHMwfC8m15KZoMg7g2AgbeLEsugLiWXkvLmad,QmeGwomQyT5TtBfYAuA5KHr5XJEuiEvWAdhcapppUftVU5,QmeGwomQyT5TtBfYAuA5KHr5XJEuiEvWAdhcapppUftVU5"
bafyb4igcwu4aknzxeunla7d6swhtgjcpcdpi7hk5twl4ubnlczrqh3gmme,12D3KooWA1D7XeoFsFS9uUgLGRguyade194FDGdtnqhiMVcZvRxy,
Qme4fQt33azeTFqSWXaynLyFqWsWZUVMj4RSUKJJsqEFej,12D3KooWC56kYau46ALNpQjwya9GTFNF7i1nVaYDsXBkTsU2FDt9,12D3KooWC56kYau46ALNpQjwya9GTFNF7i1nVaYDsXBkTsU2FDt9
QmXZcW5cHmYmgTjo97Ce4Da2SK9Z1KAh5PPoe5nA4quotw,12D3KooWRkcP9jLZyAGGzAJEFLMwzfnzKenPepCHHyQaJ5Ldjfzs,
QmUWAPdR2N7wzAhuMxpvhE69rge9ayKTnFB6WtFXiXoQMC,12D3KooWMXKtvVetid8sBR3AMaRNa2c5dTYabPeYWCr1SPuHFTeF,12D3KooWMXKtvVetid8sBR3AMaRNa2c5dTYabPeYWCr1SPuHFTeF
Qmab2TwXBgVgRra6SnAryksDa5rfsxTr6uJ5ejEZbMaTQR,12D3KooWJzAJGpyPcV95fXhBW3GF5Ueb4WbTPhP6Gh1KygDLG15R,"12D3KooWC9L4RjPGgqpzBUBkcVpKjJYofCkC5i5QdQftg1LdsFb2,12D3KooWNy2SmgY384B9EHVHdbSkvXEADwxjzd4ejXQqicxWpxxT,12D3KooWErRwP21vdVD7rkaivnMfxXAnXs3djX4D5JNfzAYFmrCM,12D3KooWErRwP21vdVD7rkaivnMfxXAnXs3djX4D5JNfzAYFmrCM"
QmdgyLd9EhYuCiAN9KSgo6uZgbBzMuxcaMEwzYr2cS4nRB,12D3KooWPKUfKnZ68xnQwV5XRKzFU61v7t33UcF38cy65GRurGbS,12D3KooWPKUfKnZ68xnQwV5XRKzFU61v7t33UcF38cy65GRurGbS
QmZA6a58MyEdceCMLukjNWbH4cnzVUMuxfuQAAJoe3Rken,12D3KooWHPSQJQhEzsDtUeJzm49KoAbsYJa2vBboPiEXiQuR1ckC,"12D3KooWHPSQJQhEzsDtUeJzm49KoAbsYJa2vBboPiEXiQuR1ckC,12D3KooWHPSQJQhEzsDtUeJzm49KoAbsYJa2vBboPiEXiQuR1ckC"
QmQ7jxvW8QTg1QTP1j8AiwjBoyszi9i175mTwTVVLirb32,12D3KooWN7jERBPXuMbzS7MMqQNe3fb4vWVHEeP67ozjmtRrrfCk,"12D3KooWN7jERBPXuMbzS7MMqQNe3fb4vWVHEeP67ozjmtRrrfCk,12D3KooWN7jERBPXuMbzS7MMqQNe3fb4vWVHEeP67ozjmtRrrfCk"
Qma4TxpzdcYqDMzpgGAHYCyjrsbin2C6hTnXvjbMUFondJ,12D3KooWNm7x76rMPFdXKHBT5igoFV4mCTzvj7bzeMdswx9xqkox,12D3KooWNm7x76rMPFdXKHBT5igoFV4mCTzvj7bzeMdswx9xqkox
QmfTndUGRuA8zpHxShqbeXjkZZpmFGUbhPPxNvusrPZZuJ,12D3KooWQ3rHUBFeLk4QbJPcfpVS8FBde4e9ye53yERTMdNFdRwg,12D3KooWBA3FLioUQPqtj3RT4fxbquGNyb2hfQwXq8UTt5xmxuCi
