peer,time,cid
QmaCpDMGvV2BGHeYERUEnRQAwe3N8SzbUtfsmvsqQLuvuJ,2023-07-02 10:14:31,QmUNLLsPACCz1vLxQVkXqqLX5R1X345qqfHbsf67hvA3Nn
12D3KooWBLG7Dg9UKniJbsLyvqpEiPMQtENHwFY35R2wUFFBF2tP,2023-07-02 10:16:02,QmUNLLsPACCz1vLxQVkXqqLX5R1X345qqfHbsf67hvA3Nn
12D3KooWE2Gb22D5kxQEWSkyTXTtG7RdmdhmYHjsMVpie3wQiKjG,2023-07-02 10:16:19,QmUNLLsPACCz1vLxQVkXqqLX5R1X345qqfHbsf67hvA3Nn
12D3KooWR8WPieh6QcQpaMjzBbxw7iDG4M6GmMKR4CT5gFL7XS9D,2023-07-02 10:17:55,QmUNLLsPACCz1vLxQVkXqqLX5R1X345qqfHbsf67hvA3Nn
12D3KooWHLYPYnXBfZy5DG7kBK2XPn7oj1PZjfQY71GXf4V2bumR,2023-07-02 10:19:43,QmUNLLsPACCz1vLxQVkXqqLX5R1X345qqfHbsf67hvA3Nn
12D3KooWKarXuSooav8TLPeYfM7cRTgQ947gDay6EjUANQwTqo93,2023-07-02 10:21:04,QmUNLLsPACCz1vLxQVkXqqLX5R1X345qqfHbsf67hvA3Nn
12D3KooWAfrdkk2L5C2d69Fp2hobM1DVzkyNPX1UXAX1RC8Mhd9T,2023-07-02 10:23:17,
12D3KooWShcnLVD27PRZxFoM7pzcBsVjqPxqr5yaz7coYXDwhU5J,2023-07-02 10:26:57,QmUNLLsPACCz1vLxQVkXqqLX5R1X345qqfHbsf67hvA3Nn
12D3KooWP2zTYrKQGidQnqdnbs5F87h3V8Tdnj7r857zZYTvbsN4,2023-07-02 10:31:53,QmUNLLsPACCz1vLxQVkXqqLX5R1X345qqfHbsf67hvA3Nn
12D3KooWJbhZpN9ZmHhoRP7TtGaMHrnCmhLgJuUESLALjsaFgUQ7,2023-07-02 10:33:55,QmUNLLsPACCz1vLxQVkXqqLX5R1X345qqfHbsf67hvA3Nn
12D3KooWNoynoXKWGBtjYZvttgTBf5fcR1MW6TsAFN7KjHijkHjD,2023-07-02 10:36:19,QmUNLLsPACCz1vLxQVkXqqLX5R1X345qqfHbsf67hvA3Nn
12D3KooWMVu4aW6Qsku3twj2WxSdyQT3ogifRAWXwe98YwuBqmJr,2023-07-02 10:37:25,QmUNLLsPACCz1vLxQVkXqqLX5R1X345qqfHbsf67hvA3Nn
12D3KooWFZLhK6bP1f4JtdGTuRJZxGAnx19TkmqHHPZKuXG7pjEi,2023-07-02 10:38:46,QmUNLLsPACCz1vLxQVkXqqLX5R1X345qqfHbsf67hvA3Nn
12D3KooWCsn73nz4aZae6gu9xvt7mLykyKbu6yf6u5MVGfvrLtgA,2023-07-02 10:41:38,QmUNLLsPACCz1vLxQVkXqqLX5R1X345qqfHbsf67hvA3Nn
12D3KooWPp1x9rPxpURNaTNNze5g8nwtQBDRxVhKLebCAB8661oo,2023-07-02 10:42:33,QmUNLLsPACCz1vLxQVkXqqLX5R1X345qqfHbsf67hvA3Nn
12D3KooWN3m3uHKF8oMU5cd8GbQUvpFpy2Y9GdNqt1Zx7nLQHSq3,2023-07-02 10:45:57,QmUNLLsPACCz1vLxQVkXqqLX5R1X345qqfHbsf67hvA3Nn
12D3KooWCCSQ4f5M5oVs8MQnp9nzpF6Uee5wn1M14on6vxct3mza,2023-07-02 10:46:06,QmUNLLsPACCz1vLxQVkXqqLX5R1X345qqfHbsf67hvA3Nn
QmYGVgGGfD5N4Xcc78CcMJ99dKcH6K6myhd4Uenv5yJwiJ,2023-07-02 10:46:23,QmauhUbPerCeRjJAbPCoDAdASuzWJ9sMrx5k7FUPeSQDyU
12D3KooWC7rhVgzqdj4JrwU6pYBw1nbCBHETHHB85HKoVXaoHwqX,2023-07-02 10:46:41,QmUNLLsPACCz1vLxQVkXqqLX5R1X345qqfHbsf67hvA3Nn
12D3KooWEbtpN5F2jqtEUQZnveRgsE3kWSyZbCtzgwc8XPEvvKGa,2023-07-02 10:46:53,QmbhXhzx9eY9e5QpbeDXQ2ozk9KgdJ7VALgfXRCbohtsD5
12D3KooWMkmfXu7qDNV1cQCKUU8tQnkXFZuvtyDfpaQ8GQiJTXqe,2023-07-02 10:48:50,QmUNLLsPACCz1vLxQVkXqqLX5R1X345qqfHbsf67hvA3Nn
12D3KooWGDws336Nsdjcy3KSUmqADxaxauoiCrT6vbnSTudoPDL1,2023-07-02 10:50:31,QmUNLLsPACCz1vLxQVkXqqLX5R1X345qqfHbsf67hvA3Nn
12D3KooWR3rEo6gHq7YcoxwvRR9JX1hWZkpvRP3RFTNdRcEKVrvE,2023-07-02 10:51:53,QmUNLLsPACCz1vLxQVkXqqLX5R1X345qqfHbsf67hvA3Nn
12D3KooWDtfDgrx3eYdHfJR6HbJj18e8m6wxhvRjGCP86UGwv3tk,2023-07-02 10:53:34,QmUNLLsPACCz1vLxQVkXqqLX5R1X345qqfHbsf67hvA3Nn
12D3KooWFaRGd2GrByryBEKRxRdramUBGWAZMCTNkNhvQ7nRsfgF,2023-07-02 10:55:25,QmbwnKjELQkfXissi1ryELBESQKPXyDvhC4hyjtvaQy7W9
QmRZMaxtyk2NfvTG8gR2K2RbZBVM3aduah3W3ha9g19rv2,2023-07-02 10:56:18,QmUNLLsPACCz1vLxQVkXqqLX5R1X345qqfHbsf67hvA3Nn
12D3KooWC34eSf5gw8TjBUjujr6LoTind4TWceFYzaksmJDFHikt,2023-07-02 10:57:41,QmUNLLsPACCz1vLxQVkXqqLX5R1X345qqfHbsf67hvA3Nn
12D3KooWC8misQoYQRZRV3tvSzQaj6EFuMNzp9Wvf5Gz4Rvky8iu,2023-07-02 10:59:07,QmUNLLsPACCz1vLxQVkXqqLX5R1X345qqfHbsf67hvA3Nn
12D3KooWJsppmPPnvZecaxDic9GMkLK2DvG8ibAwLureJU69wCPW,2023-07-02 11:01:10,QmUNLLsPACCz1vLxQVkXqqLX5R1X345qqfHbsf67hvA3Nn
12D3KooWAFMWASWrrDvVu9jyEWmAoch3Z1d5Q5r3V33FreraHB8Q,2023-07-02 11:03:08,QmUNLLsPACCz1vLxQVkXqqLX5R1X345qqfHbsf67hvA3Nn
12D3KooWGGxR33f2zvcyRirFMezaZK1nPFVKiyaH4HmevAG26vE7,2023-07-02 11:05:35,QmUNLLsPACCz1vLxQVkXqqLX5R1X345qqfHbsf67hvA3Nn
12D3KooWNCTyZnkFpwZZrQ6ssUJfoEVMtUnSuqTTZQJ3hLwiRnMi,2023-07-02 11:07:01,QmUNLLsPACCz1vLxQVkXqqLX5R1X345qqfHbsf67hvA3Nn
QmR7oYWAjJhWzhbEJ413W7SzB95GspHqb47cfLNmDQfrK4,2023-07-02 11:10:18,QmUNLLsPACCz1vLxQVkXqqLX5R1X345qqfHbsf67hvA3Nn
12D3KooWPHR7SuCce6FzPHu4MtN4d1Tdk9dPGbrF8HgKD8AdgeW7,2023-07-02 11:13:45,QmUNLLsPACCz1vLxQVkXqqLX5R1X345qqfHbsf67hvA3Nn
12D3KooWRtFEptkXibJgrsQn3mqGwM1DvcAWxbLceYa4WCuSusf3,2023-07-02 11:15:15,QmUNLLsPACCz1vLxQVkXqqLX5R1X345qqfHbsf67hvA3Nn
12D3KooWSLoV6QD4DthcUAPiGzGUcJLGGuR1abHSXfNxRFnYLxWQ,2023-07-02 11:16:55,QmUNLLsPACCz1vLxQVkXqqLX5R1X345qqfHbsf67hvA3Nn
12D3KooWLfvfKwSatJWi2Qf6Tjx27YwbRoBmjNhxKzhXFREASavw,2023-07-02 11:18:52,QmUNLLsPACCz1vLxQVkXqqLX5R1X345qqfHbsf67hvA3Nn
12D3KooWNRsVgwCE4jsWS7ZSGjRfkiiSdy5rmtyWvGnCENpevfoZ,2023-07-02 11:19:55,
12D3KooWEoU6sHN8NRo9zYHNFKRviRn8JbRANXuXDWQXVy4SvSCf,2023-07-02 11:21:09,QmUNLLsPACCz1vLxQVkXqqLX5R1X345qqfHbsf67hvA3Nn
12D3KooWEevu2rnhKoZuyEWXn7XRsFJhGr6GV7PrxHFYomfAfdQY,2023-07-02 11:22:14,QmUNLLsPACCz1vLxQVkXqqLX5R1X345qqfHbsf67hvA3Nn
12D3KooWFiGE3MsiUoMvHiN3ggEUicDKB7pFMjTJFjBTpHPDiDce,2023-07-02 11:23:29,QmUNLLsPACCz1vLxQVkXqqLX5R1X345qqfHbsf67hvA3Nn
12D3KooWKULLv6Q6egHevq6Yt56c9M9bdUkGoJQzNVuMFNyVNK7q,2023-07-02 11:24:47,QmUNLLsPACCz1vLxQVkXqqLX5R1X345qqfHbsf67hvA3Nn
12D3KooWFvYKbyJcnr3pbSQT1GActKHWwMcneB7ga5ywawCh24ds,2023-07-02 11:26:09,QmUNLLsPACCz1vLxQVkXqqLX5R1X345qqfHbsf67hvA3Nn
12D3KooWRNijznEQoXrxBeNLb2TqbSFm8gG8jKtfEsbC1C9nPqce,2023-07-02 11:26:54,QmUNLLsPACCz1vLxQVkXqqLX5R1X345qqfHbsf67hvA3Nn
12D3KooWBEJ1bu1J14nGZwHjMkLHwpjAR9zyb9No88Nbp6kpDZyn,2023-07-02 11:27:58,QmUNLLsPACCz1vLxQVkXqqLX5R1X345qqfHbsf67hvA3Nn
12D3KooWKw22wJHvFYMibGAZWJ9aWgHyC12LDvFemLw2m4MuWQzU,2023-07-02 11:29:59,QmUNLLsPACCz1vLxQVkXqqLX5R1X345qqfHbsf67hvA3Nn
QmQao5gAG7LoAeq5DZmrxJ9nd8udcbp5nU3XpwzLwhd5CS,2023-07-02 11:31:12,
12D3KooWMViPBVqzJmMeUAhL5Chtnmnfui5nCrUKcbDRWuiQ1bxY,2023-07-02 11:32:37,QmUNLLsPACCz1vLxQVkXqqLX5R1X345qqfHbsf67hvA3Nn
12D3KooWHsshUtLVTUccPiFdmupxm3fhTgMnnZM76KPfhS6qPuk2,2023-07-02 11:32:53,QmUNLLsPACCz1vLxQVkXqqLX5R1X345qqfHbsf67hvA3Nn
12D3KooWMcjKi9eHecEbL4wENWh1X7ysvSGkbG8Qj14VBKUtd5Aq,2023-07-02 11:35:14,QmUNLLsPACCz1vLxQVkXqqLX5R1X345qqfHbsf67hvA3Nn
12D3KooWJYMrs8KKXBQUjsAsUDtqGzfCGzp4es12cY3B1Jca3QYn,2023-07-02 11:36:16,
12D3KooWQeoU5KfQRoCt1BYJi15ytbmn169v4C5nkW44zRYmzwo8,2023-07-02 11:37:25,QmUNLLsPACCz1vLxQVkXqqLX5R1X345qqfHbsf67hvA3Nn
12D3KooWCdHXocZv1jCU8969chWP9P7vixQ9dYreAVoau4H3hEoU,2023-07-02 11:38:45,QmUNLLsPACCz1vLxQVkXqqLX5R1X345qqfHbsf67hvA3Nn
12D3KooWHCMUtRJge9stPBPGYizUyo8wc11QqVngwM3KyhvB7Kvv,2023-07-02 11:40:37,QmUNLLsPACCz1vLxQVkXqqLX5R1X345qqfHbsf67hvA3Nn
12D3KooWAe7np5VMWFicdMZNjWJGXNbtApRSU93pnFnta9FTYHoh,2023-07-02 11:42:12,QmUNLLsPACCz1vLxQVkXqqLX5R1X345qqfHbsf67hvA3Nn
12D3KooWATraFCxZ5TXFXCoPe9jNcTc1rqQNqCsUrHhBZ1QeYMZY,2023-07-02 11:44:06,QmUNLLsPACCz1vLxQVkXqqLX5R1X345qqfHbsf67hvA3Nn
12D3KooWG2ZpCQwemvP2snTzxWCW9CrBUxfyhaHzdvg2a8oKJXSL,2023-07-02 11:45:49,QmUNLLsPACCz1vLxQVkXqqLX5R1X345qqfHbsf67hvA3Nn
12D3KooWLdAjMmfKMGzPuTdPvZZ1w1FWMuiMMZVMgTWFT5dTVgyS,2023-07-02 11:46:50,QmUNLLsPACCz1vLxQVkXqqLX5R1X345qqfHbsf67hvA3Nn
12D3KooWHr7suwXXt9QbW34czTCwSVr7BkRdne3KkMkr2XuTBdLe,2023-07-02 11:48:06,QmUNLLsPACCz1vLxQVkXqqLX5R1X345qqfHbsf67hvA3Nn
12D3KooWE1xGkAx2k6mpTGUTQd8MQXtXmMjpSwKVW2TpQ176N5mG,2023-07-02 11:49:10,QmUNLLsPACCz1vLxQVkXqqLX5R1X345qqfHbsf67hvA3Nn
12D3KooWCaWzigojr75yFsFgufALx4qSHkD2fThaVnHuZuQhRg7u,2023-07-02 11:51:00,QmUNLLsPACCz1vLxQVkXqqLX5R1X345qqfHbsf67hvA3Nn
12D3KooWLbTSH3Ac16R7ZyxA9Xqay2Hky7C9cCVvJ8XhuMWwaTSC,2023-07-02 11:52:15,QmUNLLsPACCz1vLxQVkXqqLX5R1X345qqfHbsf67hvA3Nn
12D3KooWNoha3fFENRXN5XVq122iZKDBy8PM2jc4oajf7TmmpsNa,2023-07-02 11:54:09,
12D3KooWJ9CBNfYujQhVNb8CPszKsgHirwavT4k83st5DmHVnSCV,2023-07-02 12:00:32,QmUNLLsPACCz1vLxQVkXqqLX5R1X345qqfHbsf67hvA3Nn
12D3KooWQkifmFfvSfaGbkDyjwTCUSg5Vt43A6WVQrkA63dnn47J,2023-07-02 12:02:59,QmUNLLsPACCz1vLxQVkXqqLX5R1X345qqfHbsf67hvA3Nn
12D3KooWBEmAtMb3cWxUZHiRgf4bjC62SBh7s4w71eteFyF1ezwk,2023-07-02 12:03:51,QmUNLLsPACCz1vLxQVkXqqLX5R1X345qqfHbsf67hvA3Nn
12D3KooWB2JB5iEiFnRJc2W2LVnE6Xi9ZG7z5yBkJfVViZNpYTPk,2023-07-02 12:05:29,QmUNLLsPACCz1vLxQVkXqqLX5R1X345qqfHbsf67hvA3Nn
12D3KooWJYW77oyxU3CUvqGpquxVz2USCJLm1qgQAMcp7Y8c3HuH,2023-07-02 12:06:34,QmUNLLsPACCz1vLxQVkXqqLX5R1X345qqfHbsf67hvA3Nn
QmPL1jAZ9frnyP7drZY27DWrCcCBTgQ5niDgYtax57ju9x,2023-07-02 12:08:09,
12D3KooWRf4fBDGkZFXxx4t8LCZc5nUkRSDVXrHhrDWEVmJugGhn,2023-07-02 12:08:41,QmUNLLsPACCz1vLxQVkXqqLX5R1X345qqfHbsf67hvA3Nn
12D3KooWJWExgWhrfsZnzqrEXQA5NA434pGygqTjUR8uP7HFnT7K,2023-07-02 12:10:07,QmUNLLsPACCz1vLxQVkXqqLX5R1X345qqfHbsf67hvA3Nn
12D3KooWF67an8LFVgrya8FFga9YjEmyPkYS5oWQPoBbaUSEet5u,2023-07-02 12:11:46,QmUNLLsPACCz1vLxQVkXqqLX5R1X345qqfHbsf67hvA3Nn
12D3KooWBYr22M1WfaRjZb15x1AE5gThXs9HXkGXnxugESjAo1t6,2023-07-02 12:13:35,QmUNLLsPACCz1vLxQVkXqqLX5R1X345qqfHbsf67hvA3Nn
12D3KooWMhH6ndCdWCywtV9Xr658NHqxemcxrcUosGDHEG3bxzMv,2023-07-02 12:15:03,QmUNLLsPACCz1vLxQVkXqqLX5R1X345qqfHbsf67hvA3Nn
12D3KooWC8qxbtkDxXpgttCozdxJSHJGScyFXKfhGJB5B4YtvVZk,2023-07-02 12:15:44,QmUNLLsPACCz1vLxQVkXqqLX5R1X345qqfHbsf67hvA3Nn
12D3KooWLG4rxuFR4wgX9tem1c4ntfmmr4Mx1CkWCkpRjX2UccBu,2023-07-02 12:16:46,QmUNLLsPACCz1vLxQVkXqqLX5R1X345qqfHbsf67hvA3Nn
12D3KooWGPdvRt93DjX6V9gQgWdAjGkDdCRZxrbri1cbpDXpX1vo,2023-07-02 12:18:24,QmUNLLsPACCz1vLxQVkXqqLX5R1X345qqfHbsf67hvA3Nn
12D3KooWFgWMqxaKnvgahrQeMXsz5PP3NrVPLtBjGDPkAATM47AX,2023-07-02 12:20:20,QmUNLLsPACCz1vLxQVkXqqLX5R1X345qqfHbsf67hvA3Nn
12D3KooWBNKMZzQ8Bs9aJoJhJPTVwKxS1ZWx3qrPkhMHT9cxMvKN,2023-07-02 12:21:35,QmUNLLsPACCz1vLxQVkXqqLX5R1X345qqfHbsf67hvA3Nn
12D3KooWP9WUHnj5DuBWyPUbgV4hxdsqcChs2NtbdodDsjHn4TTr,2023-07-02 12:24:54,QmUNLLsPACCz1vLxQVkXqqLX5R1X345qqfHbsf67hvA3Nn
12D3KooWQrTobusVhud4k4jfiah4kQiWkE5gmXMgqKnk8xwELweZ,2023-07-02 12:26:19,
12D3KooWQvdY4T8mqWS6NudamjJxVwMKtvUej5VTRXTeGj3ZjCkK,2023-07-02 12:28:18,QmUNLLsPACCz1vLxQVkXqqLX5R1X345qqfHbsf67hvA3Nn
12D3KooWCHRNuLZCg4ewZB421QfpGwT27gGxyMkoCaEKzgGaDW1j,2023-07-02 12:33:27,QmUNLLsPACCz1vLxQVkXqqLX5R1X345qqfHbsf67hvA3Nn
12D3KooWRaUQ65DZDSPhsUZEKfrL7g84gDXR3ELMtr7NwsEpQCCQ,2023-07-02 12:34:30,QmUNLLsPACCz1vLxQVkXqqLX5R1X345qqfHbsf67hvA3Nn
12D3KooWRAmL8bBXNbhUk3Z72CCwHV5va5iSb13fQUgpAm7psaeT,2023-07-02 12:36:32,QmUNLLsPACCz1vLxQVkXqqLX5R1X345qqfHbsf67hvA3Nn
12D3KooWDeGxSfzYjsK8577Yg5ML9jGGccWWTePV8fpRPqGEGuHp,2023-07-02 12:38:34,QmUNLLsPACCz1vLxQVkXqqLX5R1X345qqfHbsf67hvA3Nn
12D3KooWFxgE9cYDxsCvAtMYgchhaSUNaUgCssYMzdQh3caDojdS,2023-07-02 12:39:50,QmUNLLsPACCz1vLxQVkXqqLX5R1X345qqfHbsf67hvA3Nn
12D3KooWGo4RVowv1jYejM4JWXjpNV9vWiosW4DwUYmQbaf4eau3,2023-07-02 12:41:36,QmUNLLsPACCz1vLxQVkXqqLX5R1X345qqfHbsf67hvA3Nn
12D3KooWQh86bJgjAqihhx8ctLzaAcDHfPRoyY1782mJ3sNMdev2,2023-07-02 12:43:22,QmUNLLsPACCz1vLxQVkXqqLX5R1X345qqfHbsf67hvA3Nn
12D3KooWDkLy9NP6NUDeKZXDxfFpvPGJdShnzHdCP6jg57X4Vx9Y,2023-07-02 12:45:19,QmUNLLsPACCz1vLxQVkXqqLX5R1X345qqfHbsf67hvA3Nn
12D3KooWLyxU61oe2H5h9xvrEqFCcV75YYvHLm6Ze5i1QmMJXkNH,2023-07-02 12:46:28,QmUNLLsPACCz1vLxQVkXqqLX5R1X345qqfHbsf67hvA3Nn
12D3KooWPFjzieJC7XfHdCfMY7hDvGaF9smBDmaaVEpifWB7DgXn,2023-07-02 12:46:54,QmUNLLsPACCz1vLxQVkXqqLX5R1X345qqfHbsf67hvA3Nn
12D3KooWMvNupYknri3s8ciB57sgH4FvvWr3uQTY466j42zbNRiL,2023-07-02 12:50:47,QmUNLLsPACCz1vLxQVkXqqLX5R1X345qqfHbsf67hvA3Nn
12D3KooWLn7RfDQYDqReLX6s3eZNMuEjtqBCbeSRVknUFTunszut,2023-07-02 12:51:48,QmUNLLsPACCz1vLxQVkXqqLX5R1X345qqfHbsf67hvA3Nn
12D3KooWKqKDPT1Bk9R2mDEPmEMzTxX9cuHYVbk3N1BoZKWMhLzJ,2023-07-02 12:54:31,QmUNLLsPACCz1vLxQVkXqqLX5R1X345qqfHbsf67hvA3Nn
12D3KooWRQzVBfuMrADGni2LAxU1sDUwf1CPL9sR42BvyC1K2z7G,2023-07-02 12:56:43,QmUNLLsPACCz1vLxQVkXqqLX5R1X345qqfHbsf67hvA3Nn
12D3KooWQhiey5XGTmUwK4h3CU64292CrRcSUknW5s9nPQjmXRxS,2023-07-02 12:57:58,QmdnneN4xqwACHDS7BtHjRcjxp6XWDb37gGsJLibP3m2Sh
12D3KooWMBC6xnzazupDCEaELAAy3Z28Tp1wTEc3j8bhWvuSn3Ai,2023-07-02 12:59:47,QmUNLLsPACCz1vLxQVkXqqLX5R1X345qqfHbsf67hvA3Nn
12D3KooWGB7qwjieEzxnEq74WMFhir5WEXpLPQh8n19LMDuaM4LW,2023-07-02 13:01:47,QmUNLLsPACCz1vLxQVkXqqLX5R1X345qqfHbsf67hvA3Nn
12D3KooWCexX386UgK9e7tPK1Pkqh1ktpjdbsCLeD4XNKhYJyacM,2023-07-02 13:04:22,QmUNLLsPACCz1vLxQVkXqqLX5R1X345qqfHbsf67hvA3Nn
12D3KooWJZM97zHfKKTWpDwKZT6iFEhds8XonP45ffJqnsDGah7t,2023-07-02 13:05:35,
12D3KooWJktR1HHZXyaHU8MAqJeB8rq5LGmDdABY5GHbqHKQKyEP,2023-07-02 13:07:13,QmUNLLsPACCz1vLxQVkXqqLX5R1X345qqfHbsf67hvA3Nn
12D3KooWJ9UJ4ZJVGCF4inA19Sd21fXmnRjVKjeT388vdVc9WEeC,2023-07-02 13:08:45,QmUNLLsPACCz1vLxQVkXqqLX5R1X345qqfHbsf67hvA3Nn
12D3KooWPcXp1EkAZhP6fvtxc2i49Ezu7APikXoAnYYxXwKmb5Xn,2023-07-02 13:10:21,QmUNLLsPACCz1vLxQVkXqqLX5R1X345qqfHbsf67hvA3Nn
12D3KooWHyUofk7y2JrM7xGoPqMvw6gJEiMPPs7BQ6XCur5MZuL1,2023-07-02 13:12:31,QmUNLLsPACCz1vLxQVkXqqLX5R1X345qqfHbsf67hvA3Nn
12D3KooWCxirzhheWaXfQXCxAGJQfzo5gzvsL4cymQaPqT7NRWAF,2023-07-02 13:14:06,QmUNLLsPACCz1vLxQVkXqqLX5R1X345qqfHbsf67hvA3Nn
12D3KooWF5AjPvayL8jc2Zxf1BBHN3M2nwtjkz7PvDzZtkVEkisD,2023-07-02 13:21:55,QmUNLLsPACCz1vLxQVkXqqLX5R1X345qqfHbsf67hvA3Nn
12D3KooWFVvQqWVP5BeQ4dsLoT6vHvtqKzCENMEHt96FrZM7pTDM,2023-07-02 13:22:09,QmUNLLsPACCz1vLxQVkXqqLX5R1X345qqfHbsf67hvA3Nn
12D3KooWKmXLkNr3ttsRm6QATBPRaKLmM2QEgsyf1YbPSsQ3fe8s,2023-07-02 13:23:10,QmUNLLsPACCz1vLxQVkXqqLX5R1X345qqfHbsf67hvA3Nn
12D3KooWEwYgsFrhuDQvshRRHk2G3D1dcgiSugLhrUo7e8EhF63a,2023-07-02 13:24:22,QmUNLLsPACCz1vLxQVkXqqLX5R1X345qqfHbsf67hvA3Nn
12D3KooWREebiv8etwhTZjAuuG8ZUcBLghzvo4uvmzHT1QNHZcM9,2023-07-02 13:25:23,QmUNLLsPACCz1vLxQVkXqqLX5R1X345qqfHbsf67hvA3Nn
12D3KooWQFAXm1PcLLz4Ka2GtQDTZ1T9ApcKFAn57MdDXiw1t9VR,2023-07-02 13:26:36,QmUNLLsPACCz1vLxQVkXqqLX5R1X345qqfHbsf67hvA3Nn
12D3KooWJWpcYHXzp33K3N9cHrzWCooaae9y8rNEXfALe1XnH5Vy,2023-07-02 13:27:43,QmUNLLsPACCz1vLxQVkXqqLX5R1X345qqfHbsf67hvA3Nn
12D3KooWQNNy39ZerAoWKDv1ySNA611H5pgJ7GuAEjnAca3wYEMJ,2023-07-02 13:28:57,QmUNLLsPACCz1vLxQVkXqqLX5R1X345qqfHbsf67hvA3Nn
12D3KooWQKewzbHZNie99FQJVDaSF5f5Hc8PgGj4KWyHXCADwPEt,2023-07-02 13:30:09,QmUNLLsPACCz1vLxQVkXqqLX5R1X345qqfHbsf67hvA3Nn
12D3KooWHthRac8CmCScN3WbeR2EtADCLfkBu7jySEkPcsHxUE6c,2023-07-02 13:31:24,
12D3KooWH8pY82gwVG2zPQvK1NyX3nupPJjzzJf7gFQFNriH4hwu,2023-07-02 13:32:59,QmUNLLsPACCz1vLxQVkXqqLX5R1X345qqfHbsf67hvA3Nn
12D3KooWPtHd25XZPxZM65rYFMzQiu2Di4NjMSMe62978eBuZbQ5,2023-07-02 13:34:38,QmUNLLsPACCz1vLxQVkXqqLX5R1X345qqfHbsf67hvA3Nn
12D3KooWHAvQaZQmfNUfCZTWLnWkS3uGeFfF9kXzjXBNP2znm4gm,2023-07-02 13:34:49,QmUNLLsPACCz1vLxQVkXqqLX5R1X345qqfHbsf67hvA3Nn
12D3KooWDTXS9fyqb4z7ChxkpXEShj2JFUosYGyKSjLMU5TKtmBD,2023-07-02 13:36:24,QmUNLLsPACCz1vLxQVkXqqLX5R1X345qqfHbsf67hvA3Nn
12D3KooWSEzeAV2c9vshDhZeh5opbRdrYQcxvcDvBLZqesKyRdUh,2023-07-02 13:36:25,QmUNLLsPACCz1vLxQVkXqqLX5R1X345qqfHbsf67hvA3Nn
12D3KooWCffjYJZ873aVipvNeXWBubQqgT3NQzZEg8EeQEefGUH5,2023-07-02 13:36:47,QmUNLLsPACCz1vLxQVkXqqLX5R1X345qqfHbsf67hvA3Nn
12D3KooWLe82TiLdVzxuU975sqRRZwVxjWUsVCZH5DUMu2xCstVu,2023-07-02 13:36:48,QmUNLLsPACCz1vLxQVkXqqLX5R1X345qqfHbsf67hvA3Nn
12D3KooWBVpy1c41KdG6PuDnE1k23noAH3vqidXquEiWkAAfS6Jt,2023-07-02 13:36:49,QmUNLLsPACCz1vLxQVkXqqLX5R1X345qqfHbsf67hvA3Nn
12D3KooWSBUEopx7qhwmKHKLNNw6gTGe42SmYZB5Lc7MtRxUe2Es,2023-07-02 13:37:08,QmUNLLsPACCz1vLxQVkXqqLX5R1X345qqfHbsf67hvA3Nn
QmageQ1Muu7gdDsqmK7eGT3UNv4faACGVMDbVLDr6psPto,2023-07-02 13:38:00,
12D3KooWR6jfvssYk2Dmqs3RHXEMFjkUQdUS3eLGjPpkfh6ZC9Ud,2023-07-02 13:38:23,QmUNLLsPACCz1vLxQVkXqqLX5R1X345qqfHbsf67hvA3Nn
12D3KooWNvpis7sx1Vk2eHnmwJoMSYiwtz7AxiF6tAqiZn7s1we9,2023-07-02 13:38:42,QmUNLLsPACCz1vLxQVkXqqLX5R1X345qqfHbsf67hvA3Nn
12D3KooWSDAFLvP3NMKZx5c4YbtTzPU1tHkZ6cC8o4r8PyR4MBFp,2023-07-02 13:38:43,QmUNLLsPACCz1vLxQVkXqqLX5R1X345qqfHbsf67hvA3Nn
12D3KooWPKVFt77yKK1n7m3Tthp3AMR9FBCeE4qDrdByeAtL85F9,2023-07-02 13:38:55,QmUNLLsPACCz1vLxQVkXqqLX5R1X345qqfHbsf67hvA3Nn
12D3KooWB8ypL9CqYLMtaNKx4mtJnFdufeXpwn1P6bQLxYAZFbGh,2023-07-02 13:39:01,QmUNLLsPACCz1vLxQVkXqqLX5R1X345qqfHbsf67hvA3Nn
12D3KooWFSdiTDLfjUJ7NjnCBgE9LPwtUtq8NvsoRpt4Ati3cA9G,2023-07-02 13:39:09,QmUNLLsPACCz1vLxQVkXqqLX5R1X345qqfHbsf67hvA3Nn
12D3KooWSBQzNeRMzdFqwhyL3g6BZLtkf7L4zuYB6kkELtyTaecB,2023-07-02 13:39:46,QmUNLLsPACCz1vLxQVkXqqLX5R1X345qqfHbsf67hvA3Nn
12D3KooWL4YCwJprUg8LGLASKb7oD3hfUobufyv4u7hfGrQncFvf,2023-07-02 13:40:34,QmUNLLsPACCz1vLxQVkXqqLX5R1X345qqfHbsf67hvA3Nn
12D3KooWDzhLZhJvaYYvJsRLcFz15JADrZKDP9w4EsU5pYgB8G8g,2023-07-02 13:40:36,QmUNLLsPACCz1vLxQVkXqqLX5R1X345qqfHbsf67hvA3Nn
12D3KooWNy1weUaZ2gXp4nc7nySR5zpT1jnNJbytJJf9U21AhN5S,2023-07-02 13:40:41,QmUNLLsPACCz1vLxQVkXqqLX5R1X345qqfHbsf67hvA3Nn
12D3KooWAUnDgYzHbH9FU3Ewhiv9FzAuxEm8ZT4V7buknsm6fr64,2023-07-02 13:40:54,QmUNLLsPACCz1vLxQVkXqqLX5R1X345qqfHbsf67hvA3Nn
12D3KooWR66DzVQQ78KRt4dZzQkY8yys7U2Ru5a9B5EqsBdMMJU2,2023-07-02 13:40:59,QmUNLLsPACCz1vLxQVkXqqLX5R1X345qqfHbsf67hvA3Nn
12D3KooWCg2yh4MeJ2BfgkMxWj35SWe9TJZXrJWYs6XjmdUtb8HE,2023-07-02 13:41:05,QmUNLLsPACCz1vLxQVkXqqLX5R1X345qqfHbsf67hvA3Nn
12D3KooWDwPpdVtHRc2Sn8SpFraR8n8aVub3Rr6NyDZ2AkpDyZT4,2023-07-02 13:41:09,QmUNLLsPACCz1vLxQVkXqqLX5R1X345qqfHbsf67hvA3Nn
12D3KooW9xdMepzqqZW4HhmDxKsQe8F3CGRzVqzovZ3NUrE1R3Gf,2023-07-02 13:41:20,QmUNLLsPACCz1vLxQVkXqqLX5R1X345qqfHbsf67hvA3Nn
12D3KooWGc2Dky7t52bpA3sANxAtx5Efnh2Sgh8HFF6ojSoUyzs4,2023-07-02 13:41:21,QmUNLLsPACCz1vLxQVkXqqLX5R1X345qqfHbsf67hvA3Nn
12D3KooWNkRV4G5zPtz1NMtWv7rPYyWMXHU9zjLsXWJNak391kjN,2023-07-02 13:41:36,QmUNLLsPACCz1vLxQVkXqqLX5R1X345qqfHbsf67hvA3Nn
12D3KooWCEhRzyNjsij9UZnu93xKZ2kfCte97dDvKefffmSWndPS,2023-07-02 13:42:04,QmUNLLsPACCz1vLxQVkXqqLX5R1X345qqfHbsf67hvA3Nn
12D3KooWSJF4E4AxUbj2S6eWMRhxQEiVtu2jRNvxh97hJPWyZXd1,2023-07-02 13:42:36,
12D3KooWQuCekiZBZ9iXB5LNfUbeihvUyuTpVZG7AvYmsboG4qti,2023-07-02 13:43:17,QmUNLLsPACCz1vLxQVkXqqLX5R1X345qqfHbsf67hvA3Nn
12D3KooWKsmpCKkV6iV4pRXCrTWYpXGsLPizXtScKrW1XcSUfKZt,2023-07-02 13:43:35,QmUNLLsPACCz1vLxQVkXqqLX5R1X345qqfHbsf67hvA3Nn
12D3KooWEhKrYpFgF2oyWxipnNSTJ5nycAGb3uUGhHprKJ5Sq8vb,2023-07-02 13:43:36,QmUNLLsPACCz1vLxQVkXqqLX5R1X345qqfHbsf67hvA3Nn
12D3KooWNdFnnTmcgHpGTuombVsYDchjJ9rSNVr2WZvCr5wQLhj5,2023-07-02 13:43:38,QmUNLLsPACCz1vLxQVkXqqLX5R1X345qqfHbsf67hvA3Nn
12D3KooWPgqoRvhQkmM1796H34GRYCR96idu58j4wJzwEfXt8GSn,2023-07-02 13:43:39,QmUNLLsPACCz1vLxQVkXqqLX5R1X345qqfHbsf67hvA3Nn
12D3KooWQi8PyrQQCnyM1Hv56PA5qDxMdCkVTBc8Bhc29eVPqQdU,2023-07-02 13:43:48,QmUNLLsPACCz1vLxQVkXqqLX5R1X345qqfHbsf67hvA3Nn
12D3KooWNsPcmo9mn6RAieKZuXqx4Y51Dsi7jrGd8J1uVYxY6bx4,2023-07-02 13:44:08,QmUNLLsPACCz1vLxQVkXqqLX5R1X345qqfHbsf67hvA3Nn
12D3KooWR8Q6TdsecZaJmJvDpCM41A4fh27iT4Vi2pRhKXMFpnzF,2023-07-02 13:44:09,QmUNLLsPACCz1vLxQVkXqqLX5R1X345qqfHbsf67hvA3Nn
12D3KooWCfRoCDWN8JKwHE7vERn6JnmhFF4idMPsKP5w9mZXe5JK,2023-07-02 13:44:29,QmUNLLsPACCz1vLxQVkXqqLX5R1X345qqfHbsf67hvA3Nn
12D3KooWJABa8LLofZiptpTA6ZYdVNyiUBH6upgvnuDKtFxRyoFF,2023-07-02 13:45:22,QmUNLLsPACCz1vLxQVkXqqLX5R1X345qqfHbsf67hvA3Nn
12D3KooWSSnoGYaGHN9DR6CysvdXx4oJPH3moA2K8MQR8n5S7gDz,2023-07-02 13:45:27,QmUNLLsPACCz1vLxQVkXqqLX5R1X345qqfHbsf67hvA3Nn
12D3KooWNBZdHsjMnC1xBiX5dn2P6pJeFX17SefCWEYBzQarmmqK,2023-07-02 13:46:00,QmUNLLsPACCz1vLxQVkXqqLX5R1X345qqfHbsf67hvA3Nn
12D3KooWPKf9GfFvqWMbraodeKyZxXyQumD4EQjLCKitVUmNL8jQ,2023-07-02 13:52:20,QmUNLLsPACCz1vLxQVkXqqLX5R1X345qqfHbsf67hvA3Nn
12D3KooWQKyq4yfZfoYXYcmMyzbKfcFtphmrTJwrHvYj9fbRerJT,2023-07-02 13:53:52,QmUNLLsPACCz1vLxQVkXqqLX5R1X345qqfHbsf67hvA3Nn
12D3KooWCtzXhr6emTJTGDgN4m3zuH6Fvbhok2APNQbAt2F2ph1P,2023-07-02 13:54:40,QmUNLLsPACCz1vLxQVkXqqLX5R1X345qqfHbsf67hvA3Nn
12D3KooWEq8hpeZnmVWEjPJMLNQvjt5A7DYpLkPVyrsb41ezidjz,2023-07-02 13:55:41,QmUNLLsPACCz1vLxQVkXqqLX5R1X345qqfHbsf67hvA3Nn
12D3KooWJGWnTEqpJ4eJCBakQPLk6Xt1JE5xWs2DZ3m3EzvejkB9,2023-07-02 13:55:50,QmUNLLsPACCz1vLxQVkXqqLX5R1X345qqfHbsf67hvA3Nn
12D3KooWD4Hpy6RCNbWw9yWvB74okYhdAViXSXkXPzYEvDY5dahw,2023-07-02 13:56:56,QmUNLLsPACCz1vLxQVkXqqLX5R1X345qqfHbsf67hvA3Nn
12D3KooWLmCogDCYjzh9Q1kKmwxpmPsPS14qL9uEVtNWrrt8Dj8y,2023-07-02 13:57:04,QmUNLLsPACCz1vLxQVkXqqLX5R1X345qqfHbsf67hvA3Nn
12D3KooWMRYRx9anrMjsq27esYvbS4nFU4ZwBPwvCzMMgsdEFVrw,2023-07-02 13:58:16,QmUNLLsPACCz1vLxQVkXqqLX5R1X345qqfHbsf67hvA3Nn
12D3KooWJ1uCZ3sjKAgvNYpWLakywz5Xr8dX23SZ2uZ9EXghRCeE,2023-07-02 13:58:22,QmUNLLsPACCz1vLxQVkXqqLX5R1X345qqfHbsf67hvA3Nn
12D3KooWBPEsq3G5qo223FuRNSfUfBaF7Vy4XRPbvzCcrGWpNqoH,2023-07-02 13:58:25,QmUNLLsPACCz1vLxQVkXqqLX5R1X345qqfHbsf67hvA3Nn
QmQyEfqAaJCNZBGiiX6iY6aCVFQdD8UeTsvF18c6As3vmh,2023-07-02 13:58:27,
12D3KooWMY2uYbUuuD4xjQLcB2ioRzFTkBe6i1Qga2JXabCMMBs3,2023-07-02 13:58:37,QmUNLLsPACCz1vLxQVkXqqLX5R1X345qqfHbsf67hvA3Nn
12D3KooWBAtP8re3nTY3eJFpXKChcTJuAxMBNwp2fh7oS1aLLQKQ,2023-07-02 13:58:52,QmUNLLsPACCz1vLxQVkXqqLX5R1X345qqfHbsf67hvA3Nn
12D3KooWKPx92T5roScf6LTkrYRgkcLm9fzXxQE9JFcnHin2mx9H,2023-07-02 13:59:16,
12D3KooWNCzLN2W68TuwmiBqET5bjGCwv7RuVYfdbsonNyH2X11i,2023-07-02 13:59:30,QmUNLLsPACCz1vLxQVkXqqLX5R1X345qqfHbsf67hvA3Nn
12D3KooWBMoXw6UYDQJPcn7zvMjiivbj6kJAji8dkN9LX5ras2vj,2023-07-02 13:59:33,QmUNLLsPACCz1vLxQVkXqqLX5R1X345qqfHbsf67hvA3Nn
12D3KooWMxbq3UgnprU9P5x2j3vYCuZKwcciwJW8NwvcJ7yRLp6t,2023-07-02 14:02:18,QmUNLLsPACCz1vLxQVkXqqLX5R1X345qqfHbsf67hvA3Nn
12D3KooWFaioDnjkzfXUU8bUeNiXLKi5vpQsd5BZoRAKV9Zr5QJV,2023-07-02 14:05:48,QmUrTiPXCPcg7N3FuhEtqgHoS6JpfWnUMaY8xK82qsUve9
12D3KooWDjw1GiyxM8323iJy8fz6jbz1NERj1hk4vrWwDAik4wHu,2023-07-02 14:07:27,QmUNLLsPACCz1vLxQVkXqqLX5R1X345qqfHbsf67hvA3Nn
12D3KooWQTX3F7odEPZhzSt5bhiZhH8Jo9gmq5QVn95tED9MdQUq,2023-07-02 14:07:32,QmUNLLsPACCz1vLxQVkXqqLX5R1X345qqfHbsf67hvA3Nn
12D3KooWKZCo5dF9FSkVr9sMBwu2Uz7dtniJcjn61kRHhUNVeGYL,2023-07-02 14:07:33,QmUNLLsPACCz1vLxQVkXqqLX5R1X345qqfHbsf67hvA3Nn
12D3KooWNMUV3FbJy63zB9kpyEtjJ2vsqG7x78r1BuUwX2qt1HGG,2023-07-02 14:07:47,QmUNLLsPACCz1vLxQVkXqqLX5R1X345qqfHbsf67hvA3Nn
12D3KooWHetZDuBZVQ2SWBK5oHkqzvsYA5dGATCyJPJccD7mXyKa,2023-07-02 14:08:48,QmUNLLsPACCz1vLxQVkXqqLX5R1X345qqfHbsf67hvA3Nn
12D3KooWKZbKaVe21BZGNUuY5kBPKLejv9fKUGaNGrHYvjkzeKtq,2023-07-02 14:08:53,QmUNLLsPACCz1vLxQVkXqqLX5R1X345qqfHbsf67hvA3Nn
12D3KooWPtEFmbnUgPDzxLa9sHY2vtHLMFyEnvtUbuorroP8ndBf,2023-07-02 14:09:19,QmUNLLsPACCz1vLxQVkXqqLX5R1X345qqfHbsf67hvA3Nn
QmS1RQSd6tmZsh57VP89YWEDJderyKLEL1nP9gv1vCmeaG,2023-07-02 14:11:07,
12D3KooWNtMCuDHT9VZpRAJQ7Zex2xXY2Wqngez14H7u3efoZAoq,2023-07-02 14:11:11,QmUNLLsPACCz1vLxQVkXqqLX5R1X345qqfHbsf67hvA3Nn
12D3KooWJYnUMKwQP2LtuLpyXvFHDdt4SvUgNhm9P4r2PHcVTaKa,2023-07-02 14:11:25,QmUNLLsPACCz1vLxQVkXqqLX5R1X345qqfHbsf67hvA3Nn
12D3KooWSfCb5nucY87uK9nGnWgxfM8A83ytu2udKnfBRMKoi7AT,2023-07-02 14:11:30,QmUNLLsPACCz1vLxQVkXqqLX5R1X345qqfHbsf67hvA3Nn
12D3KooWCo9EojYFJy7oBhTRG5H5U6VaGWJ2zCk11Hfp47rwYxDB,2023-07-02 14:11:31,QmUNLLsPACCz1vLxQVkXqqLX5R1X345qqfHbsf67hvA3Nn
12D3KooWHiBn7haACn1UPS3if9X748z3vmAMapksE6Wk35pgQnAW,2023-07-02 14:11:33,QmUNLLsPACCz1vLxQVkXqqLX5R1X345qqfHbsf67hvA3Nn
12D3KooWGE2wPzVbpfSuGhedXs4kFHpVNmC3oj5c2R6Wpx8WRDaA,2023-07-02 14:11:56,QmUNLLsPACCz1vLxQVkXqqLX5R1X345qqfHbsf67hvA3Nn
12D3KooWPUEG9xmEZd75MoTsT5yJrJkDA9sx1ixRnD59xwrsDwck,2023-07-02 14:12:01,QmUNLLsPACCz1vLxQVkXqqLX5R1X345qqfHbsf67hvA3Nn
Qmehzi8Yody2W4nzCrPKkHUBVTbMYUDEKpKqmu7mqNmcKy,2023-07-02 14:12:26,QmUNLLsPACCz1vLxQVkXqqLX5R1X345qqfHbsf67hvA3Nn
12D3KooWNnB7JivmeZjCtWxiTmFZ2TtA8TZEAbjWVHEYhF65GuZj,2023-07-02 14:12:28,QmUNLLsPACCz1vLxQVkXqqLX5R1X345qqfHbsf67hvA3Nn
12D3KooWSDxe2NDXANC7Gc2RvVWhQjtt4q8qtKng9Hhe2saGnRVx,2023-07-02 14:12:29,QmUNLLsPACCz1vLxQVkXqqLX5R1X345qqfHbsf67hvA3Nn
12D3KooWSXehd2Bd5ML7hjBFV9VcMykcjZDXnLi4ND7ZrtHYCEie,2023-07-02 14:12:30,QmUNLLsPACCz1vLxQVkXqqLX5R1X345qqfHbsf67hvA3Nn
12D3KooWJGzBTpW1Rwg7MgpxypNgVKSbvkGp2e1hgdoUwyrCtQiU,2023-07-02 14:12:50,QmUNLLsPACCz1vLxQVkXqqLX5R1X345qqfHbsf67hvA3Nn
12D3KooWGJXwdRTCNX9TgdQZQYpnuy2HTJVxnNoc41Eb4ncMujqh,2023-07-02 14:12:57,QmUNLLsPACCz1vLxQVkXqqLX5R1X345qqfHbsf67hvA3Nn
12D3KooWSZmiowKZFntgjLiBM6cfoJzY7XwoYboiJ1cGMCcmWhFP,2023-07-02 14:13:01,QmUNLLsPACCz1vLxQVkXqqLX5R1X345qqfHbsf67hvA3Nn
12D3KooWN9M8Tq54xE2QPzuy6oVq3WzzBy7VtRTWAV6pTiimbsw5,2023-07-02 14:13:12,QmUNLLsPACCz1vLxQVkXqqLX5R1X345qqfHbsf67hvA3Nn
12D3KooWC7u28f6qtYjYryZqHZ74Gi24YCGqw4JgiQfBnGyQcAcH,2023-07-02 14:13:13,
12D3KooWSnMM1EWaxMJdQekRbEY6J2U9Ptbmmy2oP681Y8c9t1AT,2023-07-02 14:13:21,QmUNLLsPACCz1vLxQVkXqqLX5R1X345qqfHbsf67hvA3Nn
12D3KooWDmaFs6ZQWNQ438DPpjqDhypt5EDBJ9QHAw7KwAzrqqoe,2023-07-02 14:13:23,QmUNLLsPACCz1vLxQVkXqqLX5R1X345qqfHbsf67hvA3Nn
12D3KooWPBDZhTfDYGVNQHCzEZJ7pKkufCpYEz7S4C4soriki5C5,2023-07-02 14:13:24,QmUNLLsPACCz1vLxQVkXqqLX5R1X345qqfHbsf67hvA3Nn
12D3KooWQyoZq6yTb8Pzcr2EJLLJ6ZzGCQAh3DY3fgZLyY9P5kzd,2023-07-02 14:13:26,QmUNLLsPACCz1vLxQVkXqqLX5R1X345qqfHbsf67hvA3Nn
12D3KooWNWgNz5QSL2D2YxfKcYo6HyEpFuRnW2fRYewrDmjWJECi,2023-07-02 14:13:30,
12D3KooWGTNbcfWYNsDu4gb5kPeNrcn6ZoExPySx4QZumNZx4KsP,2023-07-02 14:13:33,QmUNLLsPACCz1vLxQVkXqqLX5R1X345qqfHbsf67hvA3Nn
12D3KooWHqwhKQodVtb46hntG2H2Rtj54RKTriq9GwnsqyWLWj94,2023-07-02 14:13:37,QmUNLLsPACCz1vLxQVkXqqLX5R1X345qqfHbsf67hvA3Nn
12D3KooWDeWLVNtKD8xqNCaSrajoCkw3QfBALKV2grcf7168aLXd,2023-07-02 14:13:42,QmUNLLsPACCz1vLxQVkXqqLX5R1X345qqfHbsf67hvA3Nn
12D3KooWSJpGV7y9cGkTwAQd5MxMtAFnASRUWgyKZrWxNguR3qNH,2023-07-02 14:13:44,QmUNLLsPACCz1vLxQVkXqqLX5R1X345qqfHbsf67hvA3Nn
12D3KooWCNo3iRANGKNeteD5wpjxQj3PBjbEbCJspvzqrUP4peBP,2023-07-02 14:14:15,QmUNLLsPACCz1vLxQVkXqqLX5R1X345qqfHbsf67hvA3Nn
12D3KooWS5ZhgH2heD71BU8HeMuQrLYB3wq96M1SNWtZmsqAN9ES,2023-07-02 14:14:16,QmUNLLsPACCz1vLxQVkXqqLX5R1X345qqfHbsf67hvA3Nn
12D3KooWMWMBEVi8MjUWTjUxmgVKF685Ztb74aLAE3yKk4CmkuhG,2023-07-02 14:14:26,QmUNLLsPACCz1vLxQVkXqqLX5R1X345qqfHbsf67hvA3Nn
12D3KooWRJfAT8xqfVMvRa3ss1KF2eAek7doKkNw9e9coZgkriqu,2023-07-02 14:14:29,QmUNLLsPACCz1vLxQVkXqqLX5R1X345qqfHbsf67hvA3Nn
12D3KooWCDb2DMPVZ47XGbprrvbCYj1RuRr3teiQ7wb7LaT6Lsey,2023-07-02 14:14:34,
12D3KooWB4rXzZMaw6SuYKE4aLQPm6gmHJxKGQQKGJ6pyLSnr5RY,2023-07-02 14:14:39,QmUNLLsPACCz1vLxQVkXqqLX5R1X345qqfHbsf67hvA3Nn
12D3KooWP3fTuxu5RS4d21EkWGeSpXMfQY7CadvanVsdWpmhosco,2023-07-02 14:14:41,QmUNLLsPACCz1vLxQVkXqqLX5R1X345qqfHbsf67hvA3Nn
12D3KooWPayqh1o8wLCUBdu4zsKMd9Ps6TatdhBzxLyyUZ3BHubM,2023-07-02 14:14:46,QmUNLLsPACCz1vLxQVkXqqLX5R1X345qqfHbsf67hvA3Nn
12D3KooWJvx2Gy7Yz6wzBKUWTdGBhDj72nsotUH5885QJvYx9KEc,2023-07-02 14:14:47,
12D3KooWEYf1vYJXEQaSBBzQVByv894GSLezqGEbT2GzQUg8iy5c,2023-07-02 14:14:49,QmUNLLsPACCz1vLxQVkXqqLX5R1X345qqfHbsf67hvA3Nn
12D3KooWBVjQnJx1RDwtYQBt4oq4d6pMV9sVcmh7A2Nibb7bVbde,2023-07-02 14:14:51,QmUNLLsPACCz1vLxQVkXqqLX5R1X345qqfHbsf67hvA3Nn
12D3KooWFeZHzS3JX2iZyYGoWLNnajRoG1BTivLUyGQJ4shiLier,2023-07-02 14:14:59,QmUNLLsPACCz1vLxQVkXqqLX5R1X345qqfHbsf67hvA3Nn
12D3KooWRYAWCKqG8hv3D2KcKPpbxJnsHWC1NCTYc3pv7Mj4BEiq,2023-07-02 14:15:12,QmUNLLsPACCz1vLxQVkXqqLX5R1X345qqfHbsf67hvA3Nn
12D3KooWPTG5zCaM8DKPyrkYRi4eBjKX33EthcRLLnCF4kR2hCtY,2023-07-02 14:15:13,QmUNLLsPACCz1vLxQVkXqqLX5R1X345qqfHbsf67hvA3Nn
12D3KooWFxwBbwXu1KGmKCXzfVD5Sw2MRM5o9MmQXZNmyPYtg4aN,2023-07-02 14:15:17,QmUNLLsPACCz1vLxQVkXqqLX5R1X345qqfHbsf67hvA3Nn
12D3KooWJcPWWJLVdJGDGYkaAgGeVikEREKEC14CgYhY425h6onG,2023-07-02 14:15:19,QmUNLLsPACCz1vLxQVkXqqLX5R1X345qqfHbsf67hvA3Nn
12D3KooWGASiLyYNu8PKcGXsjRvPn9Bk5Ew4u9UYt8fjutL8kTK3,2023-07-02 14:16:00,QmUNLLsPACCz1vLxQVkXqqLX5R1X345qqfHbsf67hvA3Nn
12D3KooWSd3zvcD8Rt3gLTdcM1DYobnFjUbLiQoXMUvdECUZ8Rny,2023-07-02 14:16:11,QmUNLLsPACCz1vLxQVkXqqLX5R1X345qqfHbsf67hvA3Nn
12D3KooWETvzvTiwPPaNjq3kDGqpPSZrLDvRKK2mE5HFHEz11L1U,2023-07-02 14:16:47,QmUNLLsPACCz1vLxQVkXqqLX5R1X345qqfHbsf67hvA3Nn
12D3KooWRpvACsk42qNh3gFaHPFSBwdhEENpTVqL9ddKj9W1CLmi,2023-07-02 14:17:41,QmUNLLsPACCz1vLxQVkXqqLX5R1X345qqfHbsf67hvA3Nn
12D3KooWNCHf5vdBZcMwSoALk4q2ttudcEj8YbWH74jwiFEFfwNz,2023-07-02 14:17:43,QmUNLLsPACCz1vLxQVkXqqLX5R1X345qqfHbsf67hvA3Nn
12D3KooWKrtco8SHCeLYjbnkeywGYGiLwW2MRPgxbDpfsMV9Z6HB,2023-07-02 14:17:56,QmUNLLsPACCz1vLxQVkXqqLX5R1X345qqfHbsf67hvA3Nn
12D3KooWRYQks9rGo1Qr1gNXNYNBR2Keozx1LGPk9Wm9EGv4oMqo,2023-07-02 14:18:10,QmUNLLsPACCz1vLxQVkXqqLX5R1X345qqfHbsf67hvA3Nn
12D3KooWGz9SHCLx355iK525H3kV6yAj88NqNkAExKr4qjQPZNNV,2023-07-02 14:18:20,QmUNLLsPACCz1vLxQVkXqqLX5R1X345qqfHbsf67hvA3Nn
12D3KooWGtoPKwu698ec3EajKo8URpMccxbtkiXYMbSAAqko2rMR,2023-07-02 14:18:21,QmUNLLsPACCz1vLxQVkXqqLX5R1X345qqfHbsf67hvA3Nn
12D3KooWHfh8FzNx69t3kgEuoHmhW7U4bQxgCcE6ruw6ArFQHc87,2023-07-02 14:18:22,QmUNLLsPACCz1vLxQVkXqqLX5R1X345qqfHbsf67hvA3Nn
12D3KooWE5B8MDKrGFQMoE5hg98kmD3UwxghT7NCiMGEyzqEbG4t,2023-07-02 14:18:24,QmUNLLsPACCz1vLxQVkXqqLX5R1X345qqfHbsf67hvA3Nn
12D3KooWNBMtCPhGQLhsVsQEpwHcqZFqKVEdyJgiqq6LW5WmD5b1,2023-07-02 14:18:32,QmUNLLsPACCz1vLxQVkXqqLX5R1X345qqfHbsf67hvA3Nn
12D3KooWLT87oU3tkdzU5JtR2safTzYHYKC9pX4EouAWuNFuaiLo,2023-07-02 14:18:35,QmUNLLsPACCz1vLxQVkXqqLX5R1X345qqfHbsf67hvA3Nn
12D3KooWAcrEbkfz3rvmw7B71uKEJcKMfWZi65BgvpMrFbbh4N1R,2023-07-02 14:18:36,
12D3KooWH2n7zTHhQzpWkJ351exfTT47Z7unSKB4w2dm6uu4Fo8t,2023-07-02 14:18:52,QmUNLLsPACCz1vLxQVkXqqLX5R1X345qqfHbsf67hvA3Nn
12D3KooWGBFiBhxfKR7JAT67SToxB3FbDiATxhpk9vJGnj1moxnA,2023-07-02 14:18:59,QmUNLLsPACCz1vLxQVkXqqLX5R1X345qqfHbsf67hvA3Nn
12D3KooWDE13Dirj9DR1U57iedNNx61EB4AWG47A3sPet9N17AKQ,2023-07-02 14:19:19,QmUNLLsPACCz1vLxQVkXqqLX5R1X345qqfHbsf67hvA3Nn
12D3KooWR5HX8sbNyyCEFRZDzBMR762GswXe7JHGUxnax7341xjQ,2023-07-02 14:19:28,QmUNLLsPACCz1vLxQVkXqqLX5R1X345qqfHbsf67hvA3Nn
12D3KooWMBsp9iStv5vLGDZ2yvdSJf4fov2myVBoGF2wYBFJ6GeX,2023-07-02 14:19:45,QmUNLLsPACCz1vLxQVkXqqLX5R1X345qqfHbsf67hvA3Nn
12D3KooWANVqGoGsthbbNKod4wg4JXEEpMrPWmjbC3RDQoQKQjkZ,2023-07-02 14:19:49,QmUNLLsPACCz1vLxQVkXqqLX5R1X345qqfHbsf67hvA3Nn
12D3KooWSNvo6AjgU27TgwBcxWb8dSZ8qmEDtLGnpEDZLgksB6Ax,2023-07-02 14:19:59,QmUNLLsPACCz1vLxQVkXqqLX5R1X345qqfHbsf67hvA3Nn
12D3KooWKAVywRxbfxQ8xs1AAWUNJVjQHnXGHDZwV1EfgFP2dh3V,2023-07-02 14:20:07,QmUNLLsPACCz1vLxQVkXqqLX5R1X345qqfHbsf67hvA3Nn
12D3KooWHtX481T9tVFSeocgEyUqxVLV3YYibyDqkXrwZhQXykDe,2023-07-02 14:20:25,QmUNLLsPACCz1vLxQVkXqqLX5R1X345qqfHbsf67hvA3Nn
12D3KooWQrNnunpoGA9TKhWumXj4E6kgbptwRpFJ53n9ibP7ex2N,2023-07-02 14:20:50,QmUNLLsPACCz1vLxQVkXqqLX5R1X345qqfHbsf67hvA3Nn
12D3KooWMP5W95mFATcfPiRzizeSsNFcDJ6zjg21gWCDiiZrvJ3H,2023-07-02 14:20:56,QmUNLLsPACCz1vLxQVkXqqLX5R1X345qqfHbsf67hvA3Nn
QmTnF8EREwhWsviwbn7cKV74CrEKWggomftLFHyC2WHkBM,2023-07-02 14:21:38,
12D3KooWM89B6jjuvX2aZ7Gkuy244zN4Ayg6agJrBHyChsBP75Fs,2023-07-02 14:21:39,
12D3KooWEBKYvmnCAssjf56DuN6ZDJBv27Ru2izVENNnub9wY6YG,2023-07-02 14:22:21,QmUNLLsPACCz1vLxQVkXqqLX5R1X345qqfHbsf67hvA3Nn
12D3KooWGhnXQ5tiakMaEwqWmZHzkNiiLTaj2sJqnxGnaCAPtdNY,2023-07-02 14:22:42,QmUNLLsPACCz1vLxQVkXqqLX5R1X345qqfHbsf67hvA3Nn
12D3KooWCNTcNPZt5YaMgHJ9RJLHA4idTRAEPWE8uMo7hrxeSdL1,2023-07-02 14:22:44,QmUNLLsPACCz1vLxQVkXqqLX5R1X345qqfHbsf67hvA3Nn
12D3KooWMpfmLE5EPPz4o46Wc276h5ESJX65o9ANY4uekH6ECeqn,2023-07-02 14:22:50,QmUNLLsPACCz1vLxQVkXqqLX5R1X345qqfHbsf67hvA3Nn
12D3KooWGXviwGts31hQ2ZdevGm1piLCKEqrbG3VnSQXKQdRMd2B,2023-07-02 14:24:00,QmUNLLsPACCz1vLxQVkXqqLX5R1X345qqfHbsf67hvA3Nn
QmTuZ9WGdvyBC3NZvZyX2mJ5ciNL9X9MUFPdd7E7J1wjc8,2023-07-02 14:24:13,
12D3KooWGgXNuygJToEuKXYywdbzyyi9XdiwLDWBwjA476WC5nQp,2023-07-02 14:25:02,QmUNLLsPACCz1vLxQVkXqqLX5R1X345qqfHbsf67hvA3Nn
12D3KooWCWWZWyspKj9nFGuZXSQfbiFRQEDbKvAmP8oXSXofnaAQ,2023-07-02 14:25:50,QmUNLLsPACCz1vLxQVkXqqLX5R1X345qqfHbsf67hvA3Nn
12D3KooWDmJZgPQS4zZhKDNkC84rUpfe7LWihr9x4HJ4Ms2iZ11B,2023-07-02 14:25:54,QmUNLLsPACCz1vLxQVkXqqLX5R1X345qqfHbsf67hvA3Nn
12D3KooWFaqvDXAknMrwZ4s3NQFYzPM1Q3X3evddiPTuynDeniTS,2023-07-02 14:27:53,QmUNLLsPACCz1vLxQVkXqqLX5R1X345qqfHbsf67hvA3Nn
12D3KooWHKaCmq6EoKmZBg1vhMfsjb2oB7Wn2DqFK44Q5ypg3Yf4,2023-07-02 14:27:58,QmUNLLsPACCz1vLxQVkXqqLX5R1X345qqfHbsf67hvA3Nn
12D3KooWKwaDKUJrRpQxZaQZRBvyzFgFakrSXQyZ7mqjmCbZqyKc,2023-07-02 14:28:05,QmUNLLsPACCz1vLxQVkXqqLX5R1X345qqfHbsf67hvA3Nn
12D3KooWAqq9U7bd7bmoEgyKNszJ3pxnzppYdcGHch5vDzBqn5Vm,2023-07-02 14:28:25,
12D3KooWJ8DMd7x7pA7fR5RNWqrep2BwHVcYjS8DCHgYn46jeJX9,2023-07-02 14:28:41,QmUNLLsPACCz1vLxQVkXqqLX5R1X345qqfHbsf67hvA3Nn
12D3KooWMB5KQpwBmMMFZym3UA8cYvaPWTaUvd1LAZvtjrQDDDX3,2023-07-02 14:30:13,QmUNLLsPACCz1vLxQVkXqqLX5R1X345qqfHbsf67hvA3Nn
12D3KooWC9HEkdEUmx6FhY5EzPjoxTyySpWDZjFpNijBfTnZyfuF,2023-07-02 14:31:14,QmUNLLsPACCz1vLxQVkXqqLX5R1X345qqfHbsf67hvA3Nn
12D3KooWMXw93tnempRzTQs3YZZzkwyJu6GQirBeGZ4FS66iXhUa,2023-07-02 14:33:47,QmUNLLsPACCz1vLxQVkXqqLX5R1X345qqfHbsf67hvA3Nn
12D3KooWBLaUbaVHbqyjk28ovLDqG8vvbUQ3orDFZW13UKABfisA,2023-07-02 14:33:53,QmUNLLsPACCz1vLxQVkXqqLX5R1X345qqfHbsf67hvA3Nn
QmNVViPhhaLkqBpiqE3dRAxh1TKifhDxLGimJYxAF1K3vr,2023-07-02 14:34:04,
12D3KooWJj14FyNMTsYw7ZK7UHiDFWQx2xWWHymGpm93SYYCv2qc,2023-07-02 14:34:12,QmUNLLsPACCz1vLxQVkXqqLX5R1X345qqfHbsf67hvA3Nn
12D3KooWEBBzeE71B1wTtkNTgDgwGKdqBVHyaQxg11Xjv5HaLYwW,2023-07-02 14:34:23,QmUNLLsPACCz1vLxQVkXqqLX5R1X345qqfHbsf67hvA3Nn
12D3KooWLHReRxp8ZQewcefU86RUJjkAvWkP69XWBFijMpdQFCXi,2023-07-02 14:34:46,QmUNLLsPACCz1vLxQVkXqqLX5R1X345qqfHbsf67hvA3Nn
12D3KooWFy8VHpdNZ7kjV22CJcVra53Cvn7THN7mEDcYawidACGx,2023-07-02 14:35:33,QmUNLLsPACCz1vLxQVkXqqLX5R1X345qqfHbsf67hvA3Nn
12D3KooWBhu9YM22ngsiASKhLYmPQan1nRBDSPT9d6wsGhmtNJoZ,2023-07-02 14:35:34,QmUNLLsPACCz1vLxQVkXqqLX5R1X345qqfHbsf67hvA3Nn
12D3KooWDnvrW59veEVzSSC3iAHKtUpGmdWwkjweCAdRa52dFjQH,2023-07-02 14:35:46,QmUNLLsPACCz1vLxQVkXqqLX5R1X345qqfHbsf67hvA3Nn
12D3KooWDzJMKz6Fmf7ANH6c9AmQyRfxGrmTjx2NhctmeHDNY6pj,2023-07-02 14:35:50,QmUNLLsPACCz1vLxQVkXqqLX5R1X345qqfHbsf67hvA3Nn
12D3KooWS1wUyx8qkLJNJEyb2RhtNSumdZLnVrzswa26iNc4UQto,2023-07-02 14:35:53,QmUNLLsPACCz1vLxQVkXqqLX5R1X345qqfHbsf67hvA3Nn
12D3KooWJVAC6R862bWh1dwXkfr7eeU2SDFXXm2Uh6aK53nTVMfe,2023-07-02 14:36:21,QmUNLLsPACCz1vLxQVkXqqLX5R1X345qqfHbsf67hvA3Nn
12D3KooWNZu26KEA6o9QGnfmUAdLGWdrKi7EfPeFEi6FF4RbuWmX,2023-07-02 14:38:14,QmUNLLsPACCz1vLxQVkXqqLX5R1X345qqfHbsf67hvA3Nn
12D3KooWJWKNzS4XbSvbXEc2GLp77rZMHLYgivecr6LSoixwyGz2,2023-07-02 14:39:48,QmUNLLsPACCz1vLxQVkXqqLX5R1X345qqfHbsf67hvA3Nn
12D3KooWMZtdfvrMqjicv1kxRvdwr1p5M3KMA9y3j1uQsnpeLc5z,2023-07-02 14:40:37,QmUNLLsPACCz1vLxQVkXqqLX5R1X345qqfHbsf67hvA3Nn
12D3KooWKnKocxaNq24WyF1bur4ohvrkriwPCkpBEJP7R6ohsULz,2023-07-02 14:40:43,QmUNLLsPACCz1vLxQVkXqqLX5R1X345qqfHbsf67hvA3Nn
12D3KooWJHTUQwfjAUkj1Qi2RcN8jaZSZsVnLjrD56GqHJabuSCs,2023-07-02 14:41:23,QmUNLLsPACCz1vLxQVkXqqLX5R1X345qqfHbsf67hvA3Nn
12D3KooWJdoxEuAima53dPqeZuwQ3GtRufmKTrmenedv7gPFT8Ww,2023-07-02 14:41:24,QmUNLLsPACCz1vLxQVkXqqLX5R1X345qqfHbsf67hvA3Nn
12D3KooWM5qDKQaz9mcKeqShQwmzmRHCDx5HrzzYjjJGJRdjXEB1,2023-07-02 14:41:25,QmUNLLsPACCz1vLxQVkXqqLX5R1X345qqfHbsf67hvA3Nn
QmdXh3fdTrsmZEWYXSToWPzEea21m5seYoSh1oaM7PA7eT,2023-07-02 14:41:26,
QmdKGKRhMoGAsnMNCTKQ9CohfYXTq7MSaLCtmSmCM7VkrE,2023-07-02 14:41:33,
12D3KooWRTQroqgJSJBeMcSMCXEnxhwRxcy7rfm4NNXbULchFN2A,2023-07-02 14:42:52,
12D3KooWETsYe3AdidJefL2n6uPUUHJCAwXZAADH3UXaJm2Xy7oM,2023-07-02 14:43:28,QmUNLLsPACCz1vLxQVkXqqLX5R1X345qqfHbsf67hvA3Nn
12D3KooWSn8f43BygE7397Dk9GgED9mzLbnAC89WC6UWmZSQXi6Z,2023-07-02 14:44:35,QmUNLLsPACCz1vLxQVkXqqLX5R1X345qqfHbsf67hvA3Nn
12D3KooWJkpDMSMeDCxCqiHEnZoAFoPdkvyPy3yj3ofGVKh9Rzx9,2023-07-02 14:44:44,QmUNLLsPACCz1vLxQVkXqqLX5R1X345qqfHbsf67hvA3Nn
12D3KooWM76Kz9TTGWXMKN1MJ3kPbudM9bFnDJBq2Ges57iBV8rp,2023-07-02 14:44:47,QmUNLLsPACCz1vLxQVkXqqLX5R1X345qqfHbsf67hvA3Nn
12D3KooWP7J6m8ySrsmuW51rCWc9a3K3to22duGyiVAhG3p5os1X,2023-07-02 14:44:49,QmUNLLsPACCz1vLxQVkXqqLX5R1X345qqfHbsf67hvA3Nn
12D3KooWEkC4hPXswAUCNY8Fh5Tjth9LsazkyQJMFUMjNfwpu13U,2023-07-02 14:45:07,QmUNLLsPACCz1vLxQVkXqqLX5R1X345qqfHbsf67hvA3Nn
12D3KooWGq7KkuvWLq5bnJRvEBrmJxBgXMEHDUB3VzgM79Y7Wyjz,2023-07-02 14:45:17,QmUNLLsPACCz1vLxQVkXqqLX5R1X345qqfHbsf67hvA3Nn
12D3KooWQSGquUQ2Gn8zUeypu4Q3jn2dE8ZCFpNqB8JbQ9VQNYuV,2023-07-02 14:47:22,QmUNLLsPACCz1vLxQVkXqqLX5R1X345qqfHbsf67hvA3Nn
12D3KooWNFQRTJZWG2nrKS6dqqv9RXpz6Fe1rc3CEMRNFA14xm1M,2023-07-02 14:50:40,
12D3KooWLfrEv3dPrwmrtGYQZxFaPzTbwUVMW9Uc4vZQfCFMPJTr,2023-07-02 14:50:44,QmUNLLsPACCz1vLxQVkXqqLX5R1X345qqfHbsf67hvA3Nn
12D3KooWKHFhkTBiP9nAq7qb5NSLDimA6ZXFxUpJuTYu51f8LeuQ,2023-07-02 14:50:47,QmUNLLsPACCz1vLxQVkXqqLX5R1X345qqfHbsf67hvA3Nn
12D3KooWMGDvi8w9Yw4qpnD6vBUNz4eb8od17g4Dcf15QG27SySU,2023-07-02 14:50:49,QmUNLLsPACCz1vLxQVkXqqLX5R1X345qqfHbsf67hvA3Nn
12D3KooWDMCbehJkpDfUatg429aiAkZ4RyJgg3saRfrsXN8vUT4h,2023-07-02 14:51:12,QmUNLLsPACCz1vLxQVkXqqLX5R1X345qqfHbsf67hvA3Nn
12D3KooWAusUQGuMxk3jqixuEmdrWAQfdfZQM6Xe9HGdb6KVr5Pc,2023-07-02 14:52:38,QmUNLLsPACCz1vLxQVkXqqLX5R1X345qqfHbsf67hvA3Nn
12D3KooWHdXD5VXYa9n6RQaRUwoo7KJfkeqYgoWxVLW6gUG6BUkX,2023-07-02 14:52:48,QmUNLLsPACCz1vLxQVkXqqLX5R1X345qqfHbsf67hvA3Nn
12D3KooWAf9ZxWcmwTMVN7BKFxYC3B3vkS5JwPoQiQft6DATf5qk,2023-07-02 14:54:42,QmUNLLsPACCz1vLxQVkXqqLX5R1X345qqfHbsf67hvA3Nn
12D3KooWFioV8CdCDnerRxyJsMYaowK2Tjj2HZQVLhKJx1qaNJat,2023-07-02 14:54:52,QmUNLLsPACCz1vLxQVkXqqLX5R1X345qqfHbsf67hvA3Nn
12D3KooW9vjj7baVRxU91Fnjh5Hy2dX7C7k85zgzgVoHBZoHTa95,2023-07-02 14:55:15,QmUNLLsPACCz1vLxQVkXqqLX5R1X345qqfHbsf67hvA3Nn
12D3KooWMCYbyJbLjgWS8BzYhaok2rnL4T1v7VvyNQCRuT3F5iME,2023-07-02 14:55:34,QmUNLLsPACCz1vLxQVkXqqLX5R1X345qqfHbsf67hvA3Nn
12D3KooWLKVteTrfMgSE93T2jERU4BviK3Tt1gyVLAUiFeGfbG31,2023-07-02 14:55:35,QmUNLLsPACCz1vLxQVkXqqLX5R1X345qqfHbsf67hvA3Nn
12D3KooWNVBDZAFpqoNvtGfCu3ktoywjjksQhDi9DJePEwVRv1R3,2023-07-02 14:55:51,QmUNLLsPACCz1vLxQVkXqqLX5R1X345qqfHbsf67hvA3Nn
12D3KooWExqLwX3waQFQS1YRCAUvcQYYZzk7VYAFxQVdYi1NS9oY,2023-07-02 14:55:58,QmUNLLsPACCz1vLxQVkXqqLX5R1X345qqfHbsf67hvA3Nn
12D3KooW9y142ynZxYpTmknhogznGAb3geiU1GBqvbssNLPtHKJA,2023-07-02 14:56:09,QmUNLLsPACCz1vLxQVkXqqLX5R1X345qqfHbsf67hvA3Nn
12D3KooWF8wCWA6hJgY3MAtTehwtDXxD7zi5oEzA9c3VeE6J8h8B,2023-07-02 14:56:26,QmUNLLsPACCz1vLxQVkXqqLX5R1X345qqfHbsf67hvA3Nn
12D3KooWPUkpfQfkqrcNfD6dxWk1gvuuTTXsuhGgEr32QKM8Anba,2023-07-02 14:56:35,QmUNLLsPACCz1vLxQVkXqqLX5R1X345qqfHbsf67hvA3Nn
12D3KooWS7bwLYqNpXWbZGojxD1CH7b4z7AwxQnxcYjeTXxVouEy,2023-07-02 14:56:38,QmUNLLsPACCz1vLxQVkXqqLX5R1X345qqfHbsf67hvA3Nn
12D3KooWM3NwsTtHfDNKEydi7pj5PAYWxJMYw1tyK5eA7dxMTPk7,2023-07-02 14:56:46,QmUNLLsPACCz1vLxQVkXqqLX5R1X345qqfHbsf67hvA3Nn
12D3KooWEJQuKQb8NzKrh8praR2xGC12XFcnuc64PApx9SubMBxG,2023-07-02 14:56:51,QmUNLLsPACCz1vLxQVkXqqLX5R1X345qqfHbsf67hvA3Nn
12D3KooWBH3JVSBwHLNzxv7EzniBP3tDmjJaoa3EJBF9wyhZtHt2,2023-07-02 14:57:01,QmUNLLsPACCz1vLxQVkXqqLX5R1X345qqfHbsf67hvA3Nn
12D3KooWE4Tfzn25rnvtTU8TfUVRDswS9bTLbCvcff2yumD122Vs,2023-07-02 14:57:37,QmUNLLsPACCz1vLxQVkXqqLX5R1X345qqfHbsf67hvA3Nn
12D3KooWR9fCrtWrgdadbGZpuLpsML1UQcuHdgLoQ6wGqhoHfYnm,2023-07-02 14:57:40,QmUNLLsPACCz1vLxQVkXqqLX5R1X345qqfHbsf67hvA3Nn
12D3KooWQzU9n2Et9fBDv4cb1KthrAiXYduFtEJqSqV52NMSfB16,2023-07-02 14:57:48,QmUNLLsPACCz1vLxQVkXqqLX5R1X345qqfHbsf67hvA3Nn
12D3KooWBhwg48t7DuLtdURBkr5MYHyhwiRjEDSQvjoFdvKvwyWZ,2023-07-02 14:57:56,QmUNLLsPACCz1vLxQVkXqqLX5R1X345qqfHbsf67hvA3Nn
12D3KooWJQLW2JfzaeHWnsp1M2PtFpaZLtMsNWkdfYnUd2VgAW5p,2023-07-02 14:59:26,QmUNLLsPACCz1vLxQVkXqqLX5R1X345qqfHbsf67hvA3Nn
12D3KooWBMq44M632xpCxUHreZNAhGdMDgzvoqYUQbZJd8AJCAJr,2023-07-02 14:59:30,QmUNLLsPACCz1vLxQVkXqqLX5R1X345qqfHbsf67hvA3Nn
12D3KooWRoH5hhkdf4Dhz6HNcwMzi554HeaV55LQAJcy5ZKgAPQu,2023-07-02 14:59:56,QmUNLLsPACCz1vLxQVkXqqLX5R1X345qqfHbsf67hvA3Nn
12D3KooWH3GexydcdraVpEyoBQCryBng31PYS3mH8wG5HqArfjx6,2023-07-02 15:00:01,QmUNLLsPACCz1vLxQVkXqqLX5R1X345qqfHbsf67hvA3Nn
12D3KooWL2HUDyjc6gkJ4V6UBFpmA3NnfuwHHk9GLAjY2CTbKqwk,2023-07-02 15:00:18,QmUNLLsPACCz1vLxQVkXqqLX5R1X345qqfHbsf67hvA3Nn
12D3KooWF33MfwsnuSfQ7ZfvA1cKWDhNgHW8D86akfipbEHUjQxk,2023-07-02 15:03:09,QmUNLLsPACCz1vLxQVkXqqLX5R1X345qqfHbsf67hvA3Nn
12D3KooWNYv4CFabsxmDtaRV6EVarHJpmWtwmSSko6pWYSs1nbYX,2023-07-02 15:03:50,QmUNLLsPACCz1vLxQVkXqqLX5R1X345qqfHbsf67hvA3Nn
12D3KooWHEAm5cUVwrGBM2kbMJCPCMnL1qooagcTgwCrCvpJzMhL,2023-07-02 15:05:18,QmUNLLsPACCz1vLxQVkXqqLX5R1X345qqfHbsf67hvA3Nn
12D3KooWAyqHWi4yDKAekNNaKxPY6Lr7icQxrTZReFddKo4gd3Yi,2023-07-02 15:05:24,QmUNLLsPACCz1vLxQVkXqqLX5R1X345qqfHbsf67hvA3Nn
12D3KooWHPmUyRh4HknKWHyskF3ne1W5yz8DhF67rwacF2o2Dabb,2023-07-02 15:05:25,QmUNLLsPACCz1vLxQVkXqqLX5R1X345qqfHbsf67hvA3Nn
12D3KooWDTB1heXD1RhvtuZ7984yfxnwdrSs4m89dAWa4N7st893,2023-07-02 15:05:34,QmUNLLsPACCz1vLxQVkXqqLX5R1X345qqfHbsf67hvA3Nn
12D3KooWM3uCR4kgNZXgtesdGRfVETn1ucZ7MgQGWRfPiq8jNfjC,2023-07-02 15:05:35,QmUNLLsPACCz1vLxQVkXqqLX5R1X345qqfHbsf67hvA3Nn
12D3KooWFZDCCcLPB1u72kbGkv9po9TL9fcbGxjkRTzrmKvFGEZg,2023-07-02 15:05:36,QmUNLLsPACCz1vLxQVkXqqLX5R1X345qqfHbsf67hvA3Nn
12D3KooWAgh5H8TKTeXdpvQHJKySecrjnMGYCgw7j1wv7x2z5qd1,2023-07-02 15:05:41,QmUNLLsPACCz1vLxQVkXqqLX5R1X345qqfHbsf67hvA3Nn
12D3KooWHUpmNXCDTQiRpxadXmoqWZHg37xGxBRYcgBqpP4bxxh3,2023-07-02 15:05:42,QmUNLLsPACCz1vLxQVkXqqLX5R1X345qqfHbsf67hvA3Nn
12D3KooWPCai8kjbm6SgnGJc8aupdvAWbVNPzq8rpJWCFLFkt8rc,2023-07-02 15:05:46,QmUNLLsPACCz1vLxQVkXqqLX5R1X345qqfHbsf67hvA3Nn
12D3KooWLmv38eBmxphWXCfL6UhvWdxj8wfEAEMFhoG1M6MtUCzY,2023-07-02 15:05:47,QmUNLLsPACCz1vLxQVkXqqLX5R1X345qqfHbsf67hvA3Nn
12D3KooWNEdxbfk8D8ABUcE3GWcmdg75AqYuBHcSnZN1esNMaadT,2023-07-02 15:05:48,
12D3KooWQrRkuBvmXqnf6ZUb9gNAreda2NmKxnKNqCd2MV3WF9cz,2023-07-02 15:05:49,QmUNLLsPACCz1vLxQVkXqqLX5R1X345qqfHbsf67hvA3Nn
12D3KooWJHSjSneqqsKnmfbKqwWg3YHAXECB4C6bK41nm2YcA2R1,2023-07-02 15:05:53,QmUNLLsPACCz1vLxQVkXqqLX5R1X345qqfHbsf67hvA3Nn
12D3KooWAiNdx3LCr6iSfZktwwFPrz3Ht1wokVwDSpWUsBEPAiKt,2023-07-02 15:06:06,QmUNLLsPACCz1vLxQVkXqqLX5R1X345qqfHbsf67hvA3Nn
12D3KooWK2w2XriFj1jhngigakT5LUzZcZHUaRaBVD3Cd2XFfLhE,2023-07-02 15:06:09,QmUNLLsPACCz1vLxQVkXqqLX5R1X345qqfHbsf67hvA3Nn
12D3KooWGFb1D3xkxgtpgVwovoP245sU3WQnE7DVajvAan7GXB5o,2023-07-02 15:06:12,QmUNLLsPACCz1vLxQVkXqqLX5R1X345qqfHbsf67hvA3Nn
12D3KooWLSzvWAuVXtwcbGJotHVuc4yohB5P9yvQVHzVkazVAmDL,2023-07-02 15:06:13,QmUNLLsPACCz1vLxQVkXqqLX5R1X345qqfHbsf67hvA3Nn
12D3KooWKoLV7UMfK3ZRH2GwLLC27nNMw6htSzm6BuBmTaVbR5yP,2023-07-02 15:06:15,QmUNLLsPACCz1vLxQVkXqqLX5R1X345qqfHbsf67hvA3Nn
12D3KooWDBeZdJPXrNmswmbU4kKSBVUV2VBHomq5XPCBiaStp79D,2023-07-02 15:06:21,QmUNLLsPACCz1vLxQVkXqqLX5R1X345qqfHbsf67hvA3Nn
12D3KooWAQhuTQiAVv7w5seojWv48anjaNiHhnxJRsgJ7Bkt81he,2023-07-02 15:06:34,QmUNLLsPACCz1vLxQVkXqqLX5R1X345qqfHbsf67hvA3Nn
12D3KooWN3cNaUFirfA1vj5kbncs7T2FVAsS3HxSjjjbJg8JpxsM,2023-07-02 15:06:47,QmUNLLsPACCz1vLxQVkXqqLX5R1X345qqfHbsf67hvA3Nn
12D3KooWRZNBipnZaZ51jTDyJ4zprw9N95YhnWGX6ms1s7ZWPY3A,2023-07-02 15:06:57,QmUNLLsPACCz1vLxQVkXqqLX5R1X345qqfHbsf67hvA3Nn
12D3KooWLZyLPC2CJ8xsom52fgysqbUY7SLXqPj5J7VMoMSqbGHW,2023-07-02 15:07:24,QmUNLLsPACCz1vLxQVkXqqLX5R1X345qqfHbsf67hvA3Nn
12D3KooWPPeUnJir4avVk7SV28nEHM1Sfkc3Acy4QoJCk4K5E6Hp,2023-07-02 15:07:31,QmUNLLsPACCz1vLxQVkXqqLX5R1X345qqfHbsf67hvA3Nn
12D3KooWGmXrAamUUNjrdZe8LNETTcxKWhnsERrUJtKayHTHs8Mj,2023-07-02 15:07:33,QmUNLLsPACCz1vLxQVkXqqLX5R1X345qqfHbsf67hvA3Nn
12D3KooWB6tfyHum4GFreHLWfYRJ2ngGA9jvGRjeWfswHb6e8VbR,2023-07-02 15:07:42,QmUNLLsPACCz1vLxQVkXqqLX5R1X345qqfHbsf67hvA3Nn
12D3KooWQWTbKi9AgwxFkpiDCgmcTqX31VYpjHgsWqsYRn4KMvyC,2023-07-02 15:07:53,QmUNLLsPACCz1vLxQVkXqqLX5R1X345qqfHbsf67hvA3Nn
12D3KooWFoZBAkzbTvv7tirVgM1E3MPuQnC15uqgyWm41KxdGrKd,2023-07-02 15:07:58,QmUNLLsPACCz1vLxQVkXqqLX5R1X345qqfHbsf67hvA3Nn
12D3KooWPM2uA21CVtV9eg85ueQiuHNvrHtdYdZ7LSCzpnnZmrmU,2023-07-02 15:08:00,QmUNLLsPACCz1vLxQVkXqqLX5R1X345qqfHbsf67hvA3Nn
12D3KooWFwhrYMzgfSUGUmpApAwrkM34sRiG2YDeAfzHGECYNXRW,2023-07-02 15:08:11,QmUNLLsPACCz1vLxQVkXqqLX5R1X345qqfHbsf67hvA3Nn
12D3KooWRi7rFDooyANicb7YBb22webt8pi4L92SGU4MgNR5sZrk,2023-07-02 15:08:20,QmUNLLsPACCz1vLxQVkXqqLX5R1X345qqfHbsf67hvA3Nn
12D3KooWD7fNRvz8LWVUE3dUodPo8c4kPRmZisjbWDa5FBiERNqR,2023-07-02 15:08:50,
12D3KooWCCUovzj1q4wjUyDhc3oXaByCcTnS7wkQJZX2vwSNPyFd,2023-07-02 15:09:15,QmUNLLsPACCz1vLxQVkXqqLX5R1X345qqfHbsf67hvA3Nn
